Workbook
Name Slicer_Broader_Category: #N/A
Name Slicer_Month: #N/A
Name Slicer_Sector: #N/A
Name Slicer_Year: #N/A

Sheet 01_Raw_Data
A1: Sector | B1: Year | C1: Month | D1: Cereals and products | E1: Meat and fish | F1: Egg | G1: Milk and products | H1: Oils and fats | I1: Fruits | J1: Vegetables | K1: Pulses and products | L1: Sugar and Confectionery | M1: Spices | N1: Non-alcoholic beverages | O1: Prepared meals, snacks, sweets etc. | P1: Food and beverages | Q1: Pan, tobacco and intoxicants | R1: Clothing | S1: Footwear | T1: Clothing and footwear | U1: Housing | V1: Fuel and light | W1: Household goods and services | X1: Health | Y1: Transport and communication | Z1: Recreation and amusement | AA1: Education | AB1: Personal care and effects | AC1: Miscellaneous | AD1: General index
A2: Rural | B2: 2013 | C2: January | D2: 107.5 | E2: 106.3 | F2: 108.1 | G2: 104.9 | H2: 106.1 | I2: 103.9 | J2: 101.9 | K2: 106.1 | L2: 106.8 | M2: 103.1 | N2: 104.8 | O2: 106.7 | P2: 105.5 | Q2: 105.1 | R2: 106.5 | S2: 105.8 | T2: 106.4 | U2: NA | V2: 105.5 | W2: 104.8 | X2: 104 | Y2: 103.3 | Z2: 103.4 | AA2: 103.8 | AB2: 104.7 | AC2: 104 | AD2: 105.1
A3: Urban | B3: 2013 | C3: January | D3: 110.5 | E3: 109.1 | F3: 113 | G3: 103.6 | H3: 103.4 | I3: 102.3 | J3: 102.9 | K3: 105.8 | L3: 105.1 | M3: 101.8 | N3: 105.1 | O3: 107.9 | P3: 105.9 | Q3: 105.2 | R3: 105.9 | S3: 105 | T3: 105.8 | U3: 100.3 | V3: 105.4 | W3: 104.8 | X3: 104.1 | Y3: 103.2 | Z3: 102.9 | AA3: 103.5 | AB3: 104.3 | AC3: 103.7 | AD3: 104
A4: Rural+Urban | B4: 2013 | C4: January | D4: 108.4 | E4: 107.3 | F4: 110 | G4: 104.4 | H4: 105.1 | I4: 103.2 | J4: 102.2 | K4: 106 | L4: 106.2 | M4: 102.7 | N4: 104.9 | O4: 107.3 | P4: 105.6 | Q4: 105.1 | R4: 106.3 | S4: 105.5 | T4: 106.2 | U4: 100.3 | V4: 105.5 | W4: 104.8 | X4: 104 | Y4: 103.2 | Z4: 103.1 | AA4: 103.6 | AB4: 104.5 | AC4: 103.9 | AD4: 104.6
A5: Rural | B5: 2013 | C5: February | D5: 109.2 | E5: 108.7 | F5: 110.2 | G5: 105.4 | H5: 106.7 | I5: 104 | J5: 102.4 | K5: 105.9 | L5: 105.7 | M5: 103.1 | N5: 105.1 | O5: 107.7 | P5: 106.3 | Q5: 105.6 | R5: 107.1 | S5: 106.3 | T5: 107 | U5: NA | V5: 106.2 | W5: 105.2 | X5: 104.4 | Y5: 103.9 | Z5: 104 | AA5: 104.1 | AB5: 104.6 | AC5: 104.4 | AD5: 105.8
A6: Urban | B6: 2013 | C6: February | D6: 112.9 | E6: 112.9 | F6: 116.9 | G6: 104 | H6: 103.5 | I6: 103.1 | J6: 104.9 | K6: 104.1 | L6: 103.8 | M6: 102.3 | N6: 106 | O6: 109 | P6: 107.2 | Q6: 106 | R6: 106.6 | S6: 105.5 | T6: 106.4 | U6: 100.4 | V6: 105.7 | W6: 105.2 | X6: 104.7 | Y6: 104.4 | Z6: 103.3 | AA6: 103.7 | AB6: 104.3 | AC6: 104.3 | AD6: 104.7
A7: Rural+Urban | B7: 2013 | C7: February | D7: 110.4 | E7: 110.2 | F7: 112.8 | G7: 104.9 | H7: 105.5 | I7: 103.6 | J7: 103.2 | K7: 105.3 | L7: 105.1 | M7: 102.8 | N7: 105.5 | O7: 108.3 | P7: 106.6 | Q7: 105.7 | R7: 106.9 | S7: 106 | T7: 106.8 | U7: 100.4 | V7: 106 | W7: 105.2 | X7: 104.5 | Y7: 104.2 | Z7: 103.6 | AA7: 103.9 | AB7: 104.5 | AC7: 104.4 | AD7: 105.3
A8: Rural | B8: 2013 | C8: March | D8: 110.2 | E8: 108.8 | F8: 109.9 | G8: 105.6 | H8: 106.2 | I8: 105.7 | J8: 101.4 | K8: 105.7 | L8: 105 | M8: 103.3 | N8: 105.6 | O8: 108.2 | P8: 106.6 | Q8: 106.5 | R8: 107.6 | S8: 106.8 | T8: 107.5 | U8: NA | V8: 106.1 | W8: 105.6 | X8: 104.7 | Y8: 104.6 | Z8: 104 | AA8: 104.3 | AB8: 104.3 | AC8: 104.6 | AD8: 106
A9: Urban | B9: 2013 | C9: March | D9: 113.9 | E9: 111.4 | F9: 113.2 | G9: 104.3 | H9: 102.7 | I9: 104.9 | J9: 103.8 | K9: 103.5 | L9: 102.6 | M9: 102.4 | N9: 107 | O9: 109.8 | P9: 107.3 | Q9: 106.8 | R9: 107.2 | S9: 106 | T9: 107 | U9: 100.4 | V9: 106 | W9: 105.7 | X9: 105.2 | Y9: 105.5 | Z9: 103.5 | AA9: 103.8 | AB9: 104.2 | AC9: 104.9 | AD9: 105
A10: Rural+Urban | B10: 2013 | C10: March | D10: 111.4 | E10: 109.7 | F10: 111.2 | G10: 105.1 | H10: 104.9 | I10: 105.3 | J10: 102.2 | K10: 105 | L10: 104.2 | M10: 103 | N10: 106.2 | O10: 108.9 | P10: 106.9 | Q10: 106.6 | R10: 107.4 | S10: 106.5 | T10: 107.3 | U10: 100.4 | V10: 106.1 | W10: 105.6 | X10: 104.9 | Y10: 105.1 | Z10: 103.7 | AA10: 104 | AB10: 104.3 | AC10: 104.7 | AD10: 105.5
A11: Rural | B11: 2013 | C11: April | D11: 110.2 | E11: 109.5 | F11: 106.9 | G11: 106.3 | H11: 105.7 | I11: 108.3 | J11: 103.4 | K11: 105.7 | L11: 104.2 | M11: 103.2 | N11: 106.5 | O11: 108.8 | P11: 107.1 | Q11: 107.1 | R11: 108.1 | S11: 107.4 | T11: 108 | U11: NA | V11: 106.5 | W11: 106.1 | X11: 105.1 | Y11: 104.4 | Z11: 104.5 | AA11: 104.8 | AB11: 102.7 | AC11: 104.6 | AD11: 106.4
A12: Urban | B12: 2013 | C12: April | D12: 114.6 | E12: 113.4 | F12: 106 | G12: 104.7 | H12: 102.1 | I12: 109.5 | J12: 109.7 | K12: 104.6 | L12: 102 | M12: 103.5 | N12: 108.2 | O12: 110.6 | P12: 108.8 | Q12: 108.5 | R12: 107.9 | S12: 106.4 | T12: 107.7 | U12: 100.5 | V12: 106.4 | W12: 106.5 | X12: 105.7 | Y12: 105 | Z12: 104 | AA12: 105.2 | AB12: 103.2 | AC12: 105.1 | AD12: 105.7
A13: Rural+Urban | B13: 2013 | C13: April | D13: 111.6 | E13: 110.9 | F13: 106.6 | G13: 105.7 | H13: 104.4 | I13: 108.9 | J13: 105.5 | K13: 105.3 | L13: 103.5 | M13: 103.3 | N13: 107.2 | O13: 109.6 | P13: 107.7 | Q13: 107.5 | R13: 108 | S13: 107 | T13: 107.9 | U13: 100.5 | V13: 106.5 | W13: 106.3 | X13: 105.3 | Y13: 104.7 | Z13: 104.2 | AA13: 105 | AB13: 102.9 | AC13: 104.8 | AD13: 106.1
A14: Rural | B14: 2013 | C14: May | D14: 110.9 | E14: 109.8 | F14: 105.9 | G14: 107.5 | H14: 105.3 | I14: 108.1 | J14: 107.3 | K14: 106.1 | L14: 103.7 | M14: 104 | N14: 107.4 | O14: 109.9 | P14: 108.1 | Q14: 108.1 | R14: 108.8 | S14: 107.9 | T14: 108.6 | U14: NA | V14: 107.5 | W14: 106.8 | X14: 105.7 | Y14: 104.1 | Z14: 105 | AA14: 105.5 | AB14: 102.1 | AC14: 104.8 | AD14: 107.2
A15: Urban | B15: 2013 | C15: May | D15: 115.4 | E15: 114.2 | F15: 102.7 | G15: 105.5 | H15: 101.5 | I15: 110.6 | J15: 123.7 | K15: 105.2 | L15: 101.9 | M15: 105 | N15: 109.1 | O15: 111.3 | P15: 111.1 | Q15: 109.8 | R15: 108.5 | S15: 106.7 | T15: 108.3 | U15: 100.5 | V15: 107.2 | W15: 107.1 | X15: 106.2 | Y15: 103.9 | Z15: 104.6 | AA15: 105.7 | AB15: 102.6 | AC15: 104.9 | AD15: 106.6
A16: Rural+Urban | B16: 2013 | C16: May | D16: 112.3 | E16: 111.3 | F16: 104.7 | G16: 106.8 | H16: 103.9 | I16: 109.3 | J16: 112.9 | K16: 105.8 | L16: 103.1 | M16: 104.3 | N16: 108.1 | O16: 110.5 | P16: 109.2 | Q16: 108.6 | R16: 108.7 | S16: 107.4 | T16: 108.5 | U16: 100.5 | V16: 107.4 | W16: 106.9 | X16: 105.9 | Y16: 104 | Z16: 104.8 | AA16: 105.6 | AB16: 102.3 | AC16: 104.8 | AD16: 106.9
A17: Rural | B17: 2013 | C17: June | D17: 112.3 | E17: 112.1 | F17: 108.1 | G17: 108.3 | H17: 105.9 | I17: 109.2 | J17: 118 | K17: 106.8 | L17: 104.1 | M17: 105.4 | N17: 108.2 | O17: 111 | P17: 110.6 | Q17: 109 | R17: 109.7 | S17: 108.8 | T17: 109.5 | U17: NA | V17: 108.5 | W17: 107.5 | X17: 106.3 | Y17: 105 | Z17: 105.6 | AA17: 106.5 | AB17: 102.5 | AC17: 105.5 | AD17: 108.9
A18: Urban | B18: 2013 | C18: June | D18: 117 | E18: 120.1 | F18: 112.5 | G18: 107.3 | H18: 101.3 | I18: 112.4 | J18: 143.6 | K18: 105.4 | L18: 101.4 | M18: 106.4 | N18: 110 | O18: 112.2 | P18: 115 | Q18: 110.9 | R18: 109.2 | S18: 107.2 | T18: 108.9 | U18: 106.6 | V18: 108 | W18: 107.7 | X18: 106.5 | Y18: 105.2 | Z18: 105.2 | AA18: 108.1 | AB18: 103.3 | AC18: 106.1 | AD18: 109.7
A19: Rural+Urban | B19: 2013 | C19: June | D19: 113.8 | E19: 114.9 | F19: 109.8 | G19: 107.9 | H19: 104.2 | I19: 110.7 | J19: 126.7 | K19: 106.3 | L19: 103.2 | M19: 105.7 | N19: 109 | O19: 111.6 | P19: 112.2 | Q19: 109.5 | R19: 109.5 | S19: 108.1 | T19: 109.3 | U19: 106.6 | V19: 108.3 | W19: 107.6 | X19: 106.4 | Y19: 105.1 | Z19: 105.4 | AA19: 107.4 | AB19: 102.8 | AC19: 105.8 | AD19: 109.3
A20: Rural | B20: 2013 | C20: July | D20: 113.4 | E20: 114.9 | F20: 110.5 | G20: 109.3 | H20: 106.2 | I20: 110.3 | J20: 129.2 | K20: 107.1 | L20: 104.3 | M20: 106.4 | N20: 109.1 | O20: 112.1 | P20: 113.1 | Q20: 109.8 | R20: 110.5 | S20: 109.5 | T20: 110.3 | U20: NA | V20: 109.5 | W20: 108.3 | X20: 106.9 | Y20: 106.8 | Z20: 106.4 | AA20: 107.8 | AB20: 102.5 | AC20: 106.5 | AD20: 110.7
A21: Urban | B21: 2013 | C21: July | D21: 117.8 | E21: 119.2 | F21: 114 | G21: 108.3 | H21: 101.1 | I21: 113.2 | J21: 160.9 | K21: 105.1 | L21: 101.3 | M21: 107.5 | N21: 110.4 | O21: 113.1 | P21: 117.5 | Q21: 111.7 | R21: 109.8 | S21: 107.8 | T21: 109.5 | U21: 107.7 | V21: 108.6 | W21: 108.1 | X21: 107.1 | Y21: 107.3 | Z21: 105.9 | AA21: 110.1 | AB21: 103.2 | AC21: 107.3 | AD21: 111.4
A22: Rural+Urban | B22: 2013 | C22: July | D22: 114.8 | E22: 116.4 | F22: 111.9 | G22: 108.9 | H22: 104.3 | I22: 111.7 | J22: 140 | K22: 106.4 | L22: 103.3 | M22: 106.8 | N22: 109.6 | O22: 112.6 | P22: 114.7 | Q22: 110.3 | R22: 110.2 | S22: 108.8 | T22: 110 | U22: 107.7 | V22: 109.2 | W22: 108.2 | X22: 107 | Y22: 107.1 | Z22: 106.1 | AA22: 109.1 | AB22: 102.8 | AC22: 106.9 | AD22: 111
A23: Rural | B23: 2013 | C23: August | D23: 114.3 | E23: 115.4 | F23: 111.1 | G23: 110 | H23: 106.4 | I23: 110.8 | J23: 138.9 | K23: 107.4 | L23: 104.1 | M23: 106.9 | N23: 109.7 | O23: 112.6 | P23: 114.9 | Q23: 110.7 | R23: 111.3 | S23: 110.2 | T23: 111.1 | U23: NA | V23: 109.9 | W23: 108.7 | X23: 107.5 | Y23: 107.8 | Z23: 106.8 | AA23: 108.7 | AB23: 105 | AC23: 107.5 | AD23: 112.1
A24: Urban | B24: 2013 | C24: August | D24: 118.3 | E24: 120.4 | F24: 112.7 | G24: 108.9 | H24: 101.1 | I24: 108.7 | J24: 177 | K24: 104.7 | L24: 101 | M24: 108.5 | N24: 110.9 | O24: 114.3 | P24: 119.6 | Q24: 112.4 | R24: 110.6 | S24: 108.3 | T24: 110.2 | U24: 108.9 | V24: 109.3 | W24: 108.7 | X24: 107.6 | Y24: 108.1 | Z24: 106.5 | AA24: 110.8 | AB24: 106 | AC24: 108.3 | AD24: 112.7
A25: Rural+Urban | B25: 2013 | C25: August | D25: 115.6 | E25: 117.2 | F25: 111.7 | G25: 109.6 | H25: 104.5 | I25: 109.8 | J25: 151.8 | K25: 106.5 | L25: 103.1 | M25: 107.4 | N25: 110.2 | O25: 113.4 | P25: 116.6 | Q25: 111.2 | R25: 111 | S25: 109.4 | T25: 110.7 | U25: 108.9 | V25: 109.7 | W25: 108.7 | X25: 107.5 | Y25: 108 | Z25: 106.6 | AA25: 109.9 | AB25: 105.4 | AC25: 107.9 | AD25: 112.4
A26: Rural | B26: 2013 | C26: September | D26: 115.4 | E26: 115.7 | F26: 111.7 | G26: 111 | H26: 107.4 | I26: 110.9 | J26: 154 | K26: 108.1 | L26: 104.2 | M26: 107.9 | N26: 110.4 | O26: 114 | P26: 117.8 | Q26: 111.7 | R26: 112.7 | S26: 111.4 | T26: 112.5 | U26: NA | V26: 111.1 | W26: 109.6 | X26: 108.3 | Y26: 109.3 | Z26: 107.7 | AA26: 109.8 | AB26: 106.7 | AC26: 108.7 | AD26: 114.2
A27: Urban | B27: 2013 | C27: September | D27: 118.6 | E27: 119.1 | F27: 113.2 | G27: 109.6 | H27: 101.7 | I27: 103.2 | J27: 174.3 | K27: 105.1 | L27: 100.8 | M27: 109.1 | N27: 111.1 | O27: 115.4 | P27: 119.2 | Q27: 112.9 | R27: 111.4 | S27: 109 | T27: 111.1 | U27: 109.7 | V27: 109.5 | W27: 109.6 | X27: 107.9 | Y27: 110.4 | Z27: 107.4 | AA27: 111.2 | AB27: 106.9 | AC27: 109.4 | AD27: 113.2
A28: Rural+Urban | B28: 2013 | C28: September | D28: 116.4 | E28: 116.9 | F28: 112.3 | G28: 110.5 | H28: 105.3 | I28: 107.3 | J28: 160.9 | K28: 107.1 | L28: 103.1 | M28: 108.3 | N28: 110.7 | O28: 114.6 | P28: 118.3 | Q28: 112 | R28: 112.2 | S28: 110.4 | T28: 111.9 | U28: 109.7 | V28: 110.5 | W28: 109.6 | X28: 108.1 | Y28: 109.9 | Z28: 107.5 | AA28: 110.6 | AB28: 106.8 | AC28: 109 | AD28: 113.7
A29: Rural | B29: 2013 | C29: October | D29: 116.3 | E29: 115.4 | F29: 112.6 | G29: 111.7 | H29: 107.7 | I29: 113.2 | J29: 164.9 | K29: 108.3 | L29: 103.9 | M29: 108.2 | N29: 111.1 | O29: 114.9 | P29: 119.8 | Q29: 112.2 | R29: 113.6 | S29: 112.3 | T29: 113.4 | U29: NA | V29: 111.6 | W29: 110.4 | X29: 108.9 | Y29: 109.3 | Z29: 108.3 | AA29: 110.2 | AB29: 107.5 | AC29: 109.1 | AD29: 115.5
A30: Urban | B30: 2013 | C30: October | D30: 118.9 | E30: 118.1 | F30: 114.5 | G30: 110.4 | H30: 102.3 | I30: 106.2 | J30: 183.5 | K30: 105.3 | L30: 100.2 | M30: 109.6 | N30: 111.4 | O30: 116 | P30: 120.8 | Q30: 113.5 | R30: 112.5 | S30: 109.7 | T30: 112 | U30: 110.5 | V30: 109.7 | W30: 110.2 | X30: 108.2 | Y30: 109.7 | Z30: 108 | AA30: 111.3 | AB30: 107.3 | AC30: 109.4 | AD30: 114
A31: Rural+Urban | B31: 2013 | C31: October | D31: 117.1 | E31: 116.3 | F31: 113.3 | G31: 111.2 | H31: 105.7 | I31: 109.9 | J31: 171.2 | K31: 107.3 | L31: 102.7 | M31: 108.7 | N31: 111.2 | O31: 115.4 | P31: 120.2 | Q31: 112.5 | R31: 113.2 | S31: 111.2 | T31: 112.8 | U31: 110.5 | V31: 110.9 | W31: 110.3 | X31: 108.6 | Y31: 109.5 | Z31: 108.1 | AA31: 110.8 | AB31: 107.4 | AC31: 109.2 | AD31: 114.8
A32: Rural | B32: 2013 | C32: November | D32: 117.3 | E32: 114.9 | F32: 116.2 | G32: 112.8 | H32: 108.9 | I32: 116.6 | J32: 178.1 | K32: 109.1 | L32: 103.6 | M32: 109 | N32: 111.8 | O32: 116 | P32: 122.5 | Q32: 112.8 | R32: 114.6 | S32: 113.1 | T32: 114.4 | U32: NA | V32: 112.6 | W32: 111.3 | X32: 109.7 | Y32: 109.6 | Z32: 108.7 | AA32: 111 | AB32: 108.2 | AC32: 109.8 | AD32: 117.4
A33: Urban | B33: 2013 | C33: November | D33: 119.8 | E33: 116.3 | F33: 122.6 | G33: 112 | H33: 103.2 | I33: 110 | J33: 192.8 | K33: 106.3 | L33: 99.5 | M33: 110.3 | N33: 111.8 | O33: 117.1 | P33: 122.9 | Q33: 114.1 | R33: 113.5 | S33: 110.3 | T33: 113 | U33: 111.1 | V33: 110 | W33: 110.9 | X33: 108.6 | Y33: 109.5 | Z33: 108.5 | AA33: 111.3 | AB33: 107.9 | AC33: 109.6 | AD33: 115
A34: Rural+Urban | B34: 2013 | C34: November | D34: 118.1 | E34: 115.4 | F34: 118.7 | G34: 112.5 | H34: 106.8 | I34: 113.5 | J34: 183.1 | K34: 108.2 | L34: 102.2 | M34: 109.4 | N34: 111.8 | O34: 116.5 | P34: 122.6 | Q34: 113.1 | R34: 114.2 | S34: 111.9 | T34: 113.8 | U34: 111.1 | V34: 111.6 | W34: 111.1 | X34: 109.3 | Y34: 109.5 | Z34: 108.6 | AA34: 111.2 | AB34: 108.1 | AC34: 109.7 | AD34: 116.3
A35: Rural | B35: 2013 | C35: December | D35: 118.4 | E35: 115.9 | F35: 120.4 | G35: 113.8 | H35: 109.5 | I35: 115.5 | J35: 145.7 | K35: 109.5 | L35: 102.9 | M35: 109.8 | N35: 112.1 | O35: 116.8 | P35: 118.7 | Q35: 113.6 | R35: 115.8 | S35: 114 | T35: 115.5 | U35: NA | V35: 112.8 | W35: 112.1 | X35: 110.1 | Y35: 109.9 | Z35: 109.2 | AA35: 111.6 | AB35: 108.1 | AC35: 110.1 | AD35: 115.5
A36: Urban | B36: 2013 | C36: December | D36: 120.5 | E36: 118.1 | F36: 128.5 | G36: 112.8 | H36: 103.4 | I36: 110.7 | J36: 144.8 | K36: 107.1 | L36: 98.6 | M36: 111.9 | N36: 112.1 | O36: 118.1 | P36: 117.8 | Q36: 115 | R36: 114.2 | S36: 110.9 | T36: 113.7 | U36: 110.7 | V36: 110.4 | W36: 111.3 | X36: 109 | Y36: 109.7 | Z36: 108.9 | AA36: 111.4 | AB36: 107.7 | AC36: 109.8 | AD36: 113.3
A37: Rural+Urban | B37: 2013 | C37: December | D37: 119.1 | E37: 116.7 | F37: 123.5 | G37: 113.4 | H37: 107.3 | I37: 113.3 | J37: 145.4 | K37: 108.7 | L37: 101.5 | M37: 110.5 | N37: 112.1 | O37: 117.4 | P37: 118.4 | Q37: 114 | R37: 115.2 | S37: 112.7 | T37: 114.8 | U37: 110.7 | V37: 111.9 | W37: 111.7 | X37: 109.7 | Y37: 109.8 | Z37: 109 | AA37: 111.5 | AB37: 107.9 | AC37: 110 | AD37: 114.5
A38: Rural | B38: 2014 | C38: January | D38: 118.9 | E38: 117.1 | F38: 120.5 | G38: 114.4 | H38: 109 | I38: 115.5 | J38: 123.9 | K38: 109.6 | L38: 101.8 | M38: 110.2 | N38: 112.4 | O38: 117.3 | P38: 116 | Q38: 114 | R38: 116.5 | S38: 114.5 | T38: 116.2 | U38: NA | V38: 113 | W38: 112.6 | X38: 110.6 | Y38: 110.5 | Z38: 109.6 | AA38: 111.8 | AB38: 108.3 | AC38: 110.6 | AD38: 114.2
A39: Urban | B39: 2014 | C39: January | D39: 121.2 | E39: 122 | F39: 129.9 | G39: 113.6 | H39: 102.9 | I39: 112.1 | J39: 118.9 | K39: 107.5 | L39: 96.9 | M39: 112.7 | N39: 112.1 | O39: 119 | P39: 115.5 | Q39: 115.7 | R39: 114.8 | S39: 111.3 | T39: 114.3 | U39: 111.6 | V39: 111 | W39: 111.9 | X39: 109.7 | Y39: 110.8 | Z39: 109.8 | AA39: 111.5 | AB39: 108 | AC39: 110.5 | AD39: 112.9
A40: Rural+Urban | B40: 2014 | C40: January | D40: 119.6 | E40: 118.8 | F40: 124.1 | G40: 114.1 | H40: 106.8 | I40: 113.9 | J40: 122.2 | K40: 108.9 | L40: 100.2 | M40: 111 | N40: 112.3 | O40: 118.1 | P40: 115.8 | Q40: 114.5 | R40: 115.8 | S40: 113.2 | T40: 115.4 | U40: 111.6 | V40: 112.2 | W40: 112.3 | X40: 110.3 | Y40: 110.7 | Z40: 109.7 | AA40: 111.6 | AB40: 108.2 | AC40: 110.6 | AD40: 113.6
A41: Rural | B41: 2014 | C41: February | D41: 119.4 | E41: 117.7 | F41: 121.2 | G41: 115 | H41: 109 | I41: 116.6 | J41: 116 | K41: 109.8 | L41: 101.1 | M41: 110.4 | N41: 112.9 | O41: 117.8 | P41: 115.3 | Q41: 114.2 | R41: 117.1 | S41: 114.5 | T41: 116.7 | U41: NA | V41: 113.2 | W41: 112.9 | X41: 110.9 | Y41: 110.8 | Z41: 109.9 | AA41: 112 | AB41: 108.7 | AC41: 110.9 | AD41: 114
A42: Urban | B42: 2014 | C42: February | D42: 121.9 | E42: 122 | F42: 124.5 | G42: 115.2 | H42: 102.5 | I42: 114.1 | J42: 111.5 | K42: 108.2 | L42: 95.4 | M42: 113.5 | N42: 112.1 | O42: 119.9 | P42: 115.2 | Q42: 116.2 | R42: 115.3 | S42: 111.7 | T42: 114.7 | U42: 112.5 | V42: 111.1 | W42: 112.6 | X42: 110.4 | Y42: 111.3 | Z42: 110.3 | AA42: 111.6 | AB42: 108.7 | AC42: 111 | AD42: 113.1
A43: Rural+Urban | B43: 2014 | C43: February | D43: 120.2 | E43: 119.2 | F43: 122.5 | G43: 115.1 | H43: 106.6 | I43: 115.4 | J43: 114.5 | K43: 109.3 | L43: 99.2 | M43: 111.4 | N43: 112.6 | O43: 118.8 | P43: 115.3 | Q43: 114.7 | R43: 116.4 | S43: 113.3 | T43: 115.9 | U43: 112.5 | V43: 112.4 | W43: 112.8 | X43: 110.7 | Y43: 111.1 | Z43: 110.1 | AA43: 111.8 | AB43: 108.7 | AC43: 110.9 | AD43: 113.6
A44: Rural | B44: 2014 | C44: March | D44: 120.1 | E44: 118.1 | F44: 120.7 | G44: 116.1 | H44: 109.3 | I44: 119.6 | J44: 117.9 | K44: 110.2 | L44: 101.2 | M44: 110.7 | N44: 113 | O44: 118.3 | P44: 116.2 | Q44: 114.6 | R44: 117.5 | S44: 114.9 | T44: 117.2 | U44: NA | V44: 113.4 | W44: 113.4 | X44: 111.4 | Y44: 111.2 | Z44: 110.2 | AA44: 112.4 | AB44: 108.9 | AC44: 111.3 | AD44: 114.6
A45: Urban | B45: 2014 | C45: March | D45: 122.1 | E45: 121.4 | F45: 121.5 | G45: 116.2 | H45: 102.8 | I45: 117.7 | J45: 113.3 | K45: 108.9 | L45: 96.3 | M45: 114.1 | N45: 112.2 | O45: 120.5 | P45: 116 | Q45: 116.7 | R45: 115.8 | S45: 112.1 | T45: 115.2 | U45: 113.2 | V45: 110.9 | W45: 113 | X45: 110.8 | Y45: 111.6 | Z45: 110.9 | AA45: 111.8 | AB45: 109.2 | AC45: 111.4 | AD45: 113.7
A46: Rural+Urban | B46: 2014 | C46: Marcrh | D46: 120.7 | E46: 119.3 | F46: 121 | G46: 116.1 | H46: 106.9 | I46: 118.7 | J46: 116.3 | K46: 109.8 | L46: 99.6 | M46: 111.8 | N46: 112.7 | O46: 119.3 | P46: 116.1 | Q46: 115.2 | R46: 116.8 | S46: 113.7 | T46: 116.4 | U46: 113.2 | V46: 112.5 | W46: 113.2 | X46: 111.2 | Y46: 111.4 | Z46: 110.6 | AA46: 112 | AB46: 109 | AC46: 111.3 | AD46: 114.2
A47: Rural | B47: 2014 | C47: April | D47: 120.2 | E47: 118.9 | F47: 118.1 | G47: 117 | H47: 109.7 | I47: 125.5 | J47: 120.5 | K47: 111 | L47: 102.6 | M47: 111.2 | N47: 113.5 | O47: 118.7 | P47: 117.2 | Q47: 115.4 | R47: 118.1 | S47: 116.1 | T47: 117.8 | U47: NA | V47: 113.4 | W47: 113.7 | X47: 111.8 | Y47: 111.2 | Z47: 110.5 | AA47: 113 | AB47: 108.9 | AC47: 111.5 | AD47: 115.4
A48: Urban | B48: 2014 | C48: April | D48: 122.5 | E48: 121.7 | F48: 113.3 | G48: 117 | H48: 103.1 | I48: 126.7 | J48: 121.2 | K48: 111 | L48: 100.3 | M48: 115.3 | N48: 112.7 | O48: 121 | P48: 118.2 | Q48: 117.6 | R48: 116.3 | S48: 112.5 | T48: 115.7 | U48: 113.9 | V48: 110.9 | W48: 113.4 | X48: 111 | Y48: 111.2 | Z48: 111.2 | AA48: 112.5 | AB48: 109.1 | AC48: 111.4 | AD48: 114.7
A49: Rural+Urban | B49: 2014 | C49: April | D49: 120.9 | E49: 119.9 | F49: 116.2 | G49: 117 | H49: 107.3 | I49: 126.1 | J49: 120.7 | K49: 111 | L49: 101.8 | M49: 112.6 | N49: 113.2 | O49: 119.8 | P49: 117.6 | Q49: 116 | R49: 117.4 | S49: 114.6 | T49: 117 | U49: 113.9 | V49: 112.5 | W49: 113.6 | X49: 111.5 | Y49: 111.2 | Z49: 110.9 | AA49: 112.7 | AB49: 109 | AC49: 111.5 | AD49: 115.1
A50: Rural | B50: 2014 | C50: May | D50: 120.3 | E50: 120.2 | F50: 116.9 | G50: 118 | H50: 110.1 | I50: 126.3 | J50: 123.9 | K50: 111.5 | L50: 103.5 | M50: 111.6 | N50: 114.2 | O50: 119.2 | P50: 118.2 | Q50: 116.3 | R50: 118.7 | S50: 116.8 | T50: 118.5 | U50: NA | V50: 113.4 | W50: 114.1 | X50: 112.1 | Y50: 111.4 | Z50: 110.9 | AA50: 113.1 | AB50: 108.9 | AC50: 111.8 | AD50: 116
A51: Urban | B51: 2014 | C51: May | D51: 122.7 | E51: 124.1 | F51: 114.2 | G51: 119.1 | H51: 103.5 | I51: 129.2 | J51: 127 | K51: 112.6 | L51: 101.3 | M51: 117 | N51: 112.9 | O51: 121.7 | P51: 120 | Q51: 118.3 | R51: 116.8 | S51: 112.9 | T51: 116.2 | U51: 114.3 | V51: 111.1 | W51: 114.1 | X51: 111.2 | Y51: 111.3 | Z51: 111.5 | AA51: 112.9 | AB51: 109.3 | AC51: 111.7 | AD51: 115.6
A52: Rural+Urban | B52: 2014 | C52: May | D52: 121.1 | E52: 121.6 | F52: 115.9 | G52: 118.4 | H52: 107.7 | I52: 127.7 | J52: 125 | K52: 111.9 | L52: 102.8 | M52: 113.4 | N52: 113.7 | O52: 120.4 | P52: 118.9 | Q52: 116.8 | R52: 118 | S52: 115.2 | T52: 117.6 | U52: 114.3 | V52: 112.5 | W52: 114.1 | X52: 111.8 | Y52: 111.3 | Z52: 111.2 | AA52: 113 | AB52: 109.1 | AC52: 111.8 | AD52: 115.8
A53: Rural | B53: 2014 | C53: June | D53: 120.7 | E53: 121.6 | F53: 116.1 | G53: 119.3 | H53: 110.3 | I53: 125.8 | J53: 129.3 | K53: 112.2 | L53: 103.6 | M53: 112.3 | N53: 114.9 | O53: 120.1 | P53: 119.5 | Q53: 117.3 | R53: 119.7 | S53: 117.3 | T53: 119.3 | U53: NA | V53: 114.4 | W53: 114.9 | X53: 112.8 | Y53: 112.2 | Z53: 111.4 | AA53: 114.3 | AB53: 108 | AC53: 112.3 | AD53: 117
A54: Urban | B54: 2014 | C54: June | D54: 123.1 | E54: 125.9 | F54: 115.4 | G54: 120.4 | H54: 103.4 | I54: 131.2 | J54: 137.5 | K54: 112.8 | L54: 101.4 | M54: 118.3 | N54: 113.2 | O54: 122.4 | P54: 122 | Q54: 119 | R54: 117.4 | S54: 113.2 | T54: 116.7 | U54: 113.9 | V54: 111.2 | W54: 114.3 | X54: 111.4 | Y54: 111.5 | Z54: 111.8 | AA54: 115.1 | AB54: 108.7 | AC54: 112.2 | AD54: 116.4
A55: Rural+Urban | B55: 2014 | C55: June | D55: 121.5 | E55: 123.1 | F55: 115.8 | G55: 119.7 | H55: 107.8 | I55: 128.3 | J55: 132.1 | K55: 112.4 | L55: 102.9 | M55: 114.3 | N55: 114.2 | O55: 121.2 | P55: 120.4 | Q55: 117.8 | R55: 118.8 | S55: 115.6 | T55: 118.3 | U55: 113.9 | V55: 113.2 | W55: 114.6 | X55: 112.3 | Y55: 111.8 | Z55: 111.6 | AA55: 114.8 | AB55: 108.3 | AC55: 112.3 | AD55: 116.7
A56: Rural | B56: 2014 | C56: July | D56: 121.7 | E56: 122.5 | F56: 117.7 | G56: 120.6 | H56: 110.4 | I56: 129.1 | J56: 150.1 | K56: 113.2 | L56: 104.8 | M56: 113.3 | N56: 115.6 | O56: 120.9 | P56: 123.3 | Q56: 118 | R56: 120.7 | S56: 118.3 | T56: 120.3 | U56: NA | V56: 115.3 | W56: 115.4 | X56: 113.4 | Y56: 113.2 | Z56: 111.8 | AA56: 115.5 | AB56: 108.8 | AC56: 113.1 | AD56: 119.5
A57: Urban | B57: 2014 | C57: July | D57: 123.8 | E57: 126.4 | F57: 118 | G57: 121.6 | H57: 103.5 | I57: 133.7 | J57: 172.4 | K57: 113.1 | L57: 102.7 | M57: 120 | N57: 113.8 | O57: 123.4 | P57: 127.1 | Q57: 121 | R57: 118 | S57: 113.6 | T57: 117.4 | U57: 114.8 | V57: 111.6 | W57: 114.9 | X57: 111.5 | Y57: 113 | Z57: 112.4 | AA57: 117.8 | AB57: 109.7 | AC57: 113.5 | AD57: 118.9
A58: Rural+Urban | B58: 2014 | C58: July | D58: 122.4 | E58: 123.9 | F58: 117.8 | G58: 121 | H58: 107.9 | I58: 131.2 | J58: 157.7 | K58: 113.2 | L58: 104.1 | M58: 115.5 | N58: 114.8 | O58: 122.1 | P58: 124.7 | Q58: 118.8 | R58: 119.6 | S58: 116.3 | T58: 119.1 | U58: 114.8 | V58: 113.9 | W58: 115.2 | X58: 112.7 | Y58: 113.1 | Z58: 112.1 | AA58: 116.8 | AB58: 109.2 | AC58: 113.3 | AD58: 119.2
A59: Rural | B59: 2014 | C59: August | D59: 121.8 | E59: 122.8 | F59: 117.8 | G59: 121.9 | H59: 110.6 | I59: 129.7 | J59: 161.1 | K59: 114.1 | L59: 105.1 | M59: 114.6 | N59: 115.8 | O59: 121.7 | P59: 125.3 | Q59: 118.8 | R59: 120.9 | S59: 118.8 | T59: 120.7 | U59: NA | V59: 115.4 | W59: 115.9 | X59: 114 | Y59: 113.2 | Z59: 112.2 | AA59: 116.2 | AB59: 109.4 | AC59: 113.5 | AD59: 120.7
A60: Urban | B60: 2014 | C60: August | D60: 124.8 | E60: 127.3 | F60: 116.5 | G60: 122.2 | H60: 103.6 | I60: 132.7 | J60: 181.9 | K60: 115.2 | L60: 102.7 | M60: 122.1 | N60: 114.4 | O60: 124.7 | P60: 128.9 | Q60: 123 | R60: 118.6 | S60: 114.1 | T60: 117.9 | U60: 115.5 | V60: 111.8 | W60: 115.3 | X60: 112.2 | Y60: 112.5 | Z60: 112.9 | AA60: 119.2 | AB60: 110.5 | AC60: 113.9 | AD60: 119.9
A61: Rural+Urban | B61: 2014 | C61: August | D61: 122.7 | E61: 124.4 | F61: 117.3 | G61: 122 | H61: 108 | I61: 131.1 | J61: 168.2 | K61: 114.5 | L61: 104.3 | M61: 117.1 | N61: 115.2 | O61: 123.1 | P61: 126.6 | Q61: 119.9 | R61: 120 | S61: 116.8 | T61: 119.6 | U61: 115.5 | V61: 114 | W61: 115.6 | X61: 113.3 | Y61: 112.8 | Z61: 112.6 | AA61: 118 | AB61: 109.9 | AC61: 113.7 | AD61: 120.3
A62: Rural | B62: 2014 | C62: September | D62: 122.3 | E62: 122.4 | F62: 117.8 | G62: 122.7 | H62: 110.4 | I62: 129.8 | J62: 158.8 | K62: 115 | L62: 104.7 | M62: 114.9 | N62: 116.5 | O62: 122.6 | P62: 125.3 | Q62: 119.5 | R62: 121.7 | S62: 119.2 | T62: 121.3 | U62: NA | V62: 115.8 | W62: 116.7 | X62: 114.5 | Y62: 112.8 | Z62: 112.6 | AA62: 116.6 | AB62: 109.1 | AC62: 113.7 | AD62: 120.9
A63: Urban | B63: 2014 | C63: September | D63: 124.2 | E63: 125.4 | F63: 116.4 | G63: 122.7 | H63: 103.5 | I63: 124.5 | J63: 168.6 | K63: 116.9 | L63: 101.9 | M63: 122.9 | N63: 114.8 | O63: 125.2 | P63: 126.7 | Q63: 124.3 | R63: 119.2 | S63: 114.5 | T63: 118.4 | U63: 116.1 | V63: 111.8 | W63: 115.5 | X63: 112.3 | Y63: 111.2 | Z63: 113.4 | AA63: 120 | AB63: 110 | AC63: 113.6 | AD63: 119.2
A64: Rural+Urban | B64: 2014 | C64: September | D64: 122.9 | E64: 123.5 | F64: 117.3 | G64: 122.7 | H64: 107.9 | I64: 127.3 | J64: 162.1 | K64: 115.6 | L64: 103.8 | M64: 117.6 | N64: 115.8 | O64: 123.8 | P64: 125.8 | Q64: 120.8 | R64: 120.7 | S64: 117.2 | T64: 120.1 | U64: 116.1 | V64: 114.3 | W64: 116.1 | X64: 113.7 | Y64: 112 | Z64: 113.1 | AA64: 118.6 | AB64: 109.5 | AC64: 113.7 | AD64: 120.1
A65: Rural | B65: 2014 | C65: October | D65: 122.6 | E65: 122.5 | F65: 118.3 | G65: 123.2 | H65: 110.5 | I65: 128.9 | J65: 155.3 | K65: 115.5 | L65: 104 | M65: 115.3 | N65: 116.8 | O65: 123.2 | P65: 125.1 | Q65: 120 | R65: 122.7 | S65: 120.3 | T65: 122.3 | U65: NA | V65: 116.4 | W65: 117.5 | X65: 115.3 | Y65: 112.6 | Z65: 113 | AA65: 116.9 | AB65: 109.3 | AC65: 114 | AD65: 121
A66: Urban | B66: 2014 | C66: October | D66: 124.6 | E66: 126.1 | F66: 117.8 | G66: 123.1 | H66: 103.5 | I66: 123.5 | J66: 159.6 | K66: 117.4 | L66: 101.2 | M66: 123.8 | N66: 115.2 | O66: 125.9 | P66: 125.8 | Q66: 124.3 | R66: 119.6 | S66: 114.9 | T66: 118.9 | U66: 116.7 | V66: 112 | W66: 115.8 | X66: 112.6 | Y66: 111 | Z66: 113.6 | AA66: 120.2 | AB66: 110.1 | AC66: 113.7 | AD66: 119.1
A67: Rural+Urban | B67: 2014 | C67: October | D67: 123.2 | E67: 123.8 | F67: 118.1 | G67: 123.2 | H67: 107.9 | I67: 126.4 | J67: 156.8 | K67: 116.1 | L67: 103.1 | M67: 118.1 | N67: 116.1 | O67: 124.5 | P67: 125.4 | Q67: 121.1 | R67: 121.5 | S67: 118.1 | T67: 121 | U67: 116.7 | V67: 114.7 | W67: 116.7 | X67: 114.3 | Y67: 111.8 | Z67: 113.3 | AA67: 118.8 | AB67: 109.6 | AC67: 113.9 | AD67: 120.1
A68: Rural | B68: 2014 | C68: November | D68: 122.7 | E68: 122.6 | F68: 119.9 | G68: 124 | H68: 110.5 | I68: 128.8 | J68: 152 | K68: 116.2 | L68: 103.3 | M68: 115.8 | N68: 116.8 | O68: 124.5 | P68: 124.9 | Q68: 120.8 | R68: 123.3 | S68: 120.5 | T68: 122.9 | U68: NA | V68: 117.3 | W68: 118.1 | X68: 115.9 | Y68: 112 | Z68: 113.3 | AA68: 117.2 | AB68: 108.8 | AC68: 114.1 | AD68: 121.1
A69: Urban | B69: 2014 | C69: November | D69: 124.5 | E69: 125.6 | F69: 122.7 | G69: 124.6 | H69: 103.2 | I69: 122.2 | J69: 153.2 | K69: 119.3 | L69: 99.8 | M69: 124.6 | N69: 115.8 | O69: 126.9 | P69: 125.4 | Q69: 125.8 | R69: 120.3 | S69: 115.4 | T69: 119.5 | U69: 117.1 | V69: 112.6 | W69: 116.4 | X69: 113 | Y69: 109.7 | Z69: 114 | AA69: 120.3 | AB69: 109.6 | AC69: 113.4 | AD69: 119
A70: Rural+Urban | B70: 2014 | C70: November | D70: 123.3 | E70: 123.7 | F70: 121 | G70: 124.2 | H70: 107.8 | I70: 125.7 | J70: 152.4 | K70: 117.2 | L70: 102.1 | M70: 118.7 | N70: 116.4 | O70: 125.6 | P70: 125.1 | Q70: 122.1 | R70: 122.1 | S70: 118.4 | T70: 121.6 | U70: 117.1 | V70: 115.5 | W70: 117.3 | X70: 114.8 | Y70: 110.8 | Z70: 113.7 | AA70: 119 | AB70: 109.1 | AC70: 113.8 | AD70: 120.1
A71: Rural | B71: 2014 | C71: December | D71: 122.4 | E71: 122.4 | F71: 121.8 | G71: 124.2 | H71: 110.2 | I71: 128.6 | J71: 140.3 | K71: 116.3 | L71: 102 | M71: 116 | N71: 117.3 | O71: 124.8 | P71: 123.3 | Q71: 121.7 | R71: 123.8 | S71: 120.6 | T71: 123.3 | U71: NA | V71: 117.4 | W71: 118.2 | X71: 116.2 | Y71: 111.5 | Z71: 113.3 | AA71: 117.7 | AB71: 109.4 | AC71: 114.2 | AD71: 120.3
A72: Urban | B72: 2014 | C72: December | D72: 124 | E72: 124.7 | F72: 126.3 | G72: 124.9 | H72: 103 | I72: 122.3 | J72: 141 | K72: 120.1 | L72: 97.8 | M72: 125.4 | N72: 116.1 | O72: 127.6 | P72: 124 | Q72: 126.4 | R72: 120.7 | S72: 115.8 | T72: 120 | U72: 116.5 | V72: 113 | W72: 116.8 | X72: 113.2 | Y72: 108.8 | Z72: 114.3 | AA72: 120.7 | AB72: 110.4 | AC72: 113.4 | AD72: 118.4
A73: Rural+Urban | B73: 2014 | C73: December | D73: 122.9 | E73: 123.2 | F73: 123.5 | G73: 124.5 | H73: 107.6 | I73: 125.7 | J73: 140.5 | K73: 117.6 | L73: 100.6 | M73: 119.1 | N73: 116.8 | O73: 126.1 | P73: 123.6 | Q73: 123 | R73: 122.6 | S73: 118.6 | T73: 122 | U73: 116.5 | V73: 115.7 | W73: 117.5 | X73: 115.1 | Y73: 110.1 | Z73: 113.9 | AA73: 119.5 | AB73: 109.8 | AC73: 113.8 | AD73: 119.4
A74: Rural | B74: 2015 | C74: January | D74: 123.1 | E74: 123.1 | F74: 122.1 | G74: 124.9 | H74: 111 | I74: 130.4 | J74: 132.3 | K74: 117.2 | L74: 100.5 | M74: 117.2 | N74: 117.9 | O74: 125.6 | P74: 122.8 | Q74: 122.7 | R74: 124.4 | S74: 121.6 | T74: 124 | U74: NA | V74: 118.4 | W74: 118.9 | X74: 116.6 | Y74: 111 | Z74: 114 | AA74: 118.2 | AB74: 110.2 | AC74: 114.5 | AD74: 120.3
A75: Urban | B75: 2015 | C75: January | D75: 124 | E75: 125.5 | F75: 126.6 | G75: 125.2 | H75: 104.3 | I75: 121.3 | J75: 134.4 | K75: 122.9 | L75: 96.1 | M75: 126.6 | N75: 116.5 | O75: 128 | P75: 123.5 | Q75: 127.4 | R75: 121 | S75: 116.1 | T75: 120.2 | U75: 117.3 | V75: 113.4 | W75: 117.2 | X75: 113.7 | Y75: 107.9 | Z75: 114.6 | AA75: 120.8 | AB75: 111.4 | AC75: 113.4 | AD75: 118.5
A76: Rural+Urban | B76: 2015 | C76: January | D76: 123.4 | E76: 123.9 | F76: 123.8 | G76: 125 | H76: 108.5 | I76: 126.2 | J76: 133 | K76: 119.1 | L76: 99 | M76: 120.3 | N76: 117.3 | O76: 126.7 | P76: 123.1 | Q76: 124 | R76: 123.1 | S76: 119.3 | T76: 122.5 | U76: 117.3 | V76: 116.5 | W76: 118.1 | X76: 115.5 | Y76: 109.4 | Z76: 114.3 | AA76: 119.7 | AB76: 110.7 | AC76: 114 | AD76: 119.5
A77: Rural | B77: 2015 | C77: February | D77: 123.4 | E77: 124.4 | F77: 122.1 | G77: 125.8 | H77: 111.5 | I77: 129.4 | J77: 128.2 | K77: 118.8 | L77: 100 | M77: 118.6 | N77: 118.8 | O77: 126.8 | P77: 122.8 | Q77: 124.2 | R77: 125.4 | S77: 122.7 | T77: 125 | U77: NA | V77: 120 | W77: 119.6 | X77: 117.7 | Y77: 110.9 | Z77: 114.8 | AA77: 118.7 | AB77: 110.8 | AC77: 115 | AD77: 120.6
A78: Urban | B78: 2015 | C78: February | D78: 124.3 | E78: 126.5 | F78: 119.5 | G78: 125.6 | H78: 104.9 | I78: 121.6 | J78: 131.8 | K78: 125.1 | L78: 95 | M78: 127.7 | N78: 116.8 | O78: 128.6 | P78: 123.7 | Q78: 128.1 | R78: 121.3 | S78: 116.5 | T78: 120.6 | U78: 118.1 | V78: 114 | W78: 117.7 | X78: 114.1 | Y78: 106.8 | Z78: 114.9 | AA78: 120.4 | AB78: 111.7 | AC78: 113.2 | AD78: 118.7
A79: Rural+Urban | B79: 2015 | C79: February | D79: 123.7 | E79: 125.1 | F79: 121.1 | G79: 125.7 | H79: 109.1 | I79: 125.8 | J79: 129.4 | K79: 120.9 | L79: 98.3 | M79: 121.6 | N79: 118 | O79: 127.6 | P79: 123.1 | Q79: 125.2 | R79: 123.8 | S79: 120.1 | T79: 123.3 | U79: 118.1 | V79: 117.7 | W79: 118.7 | X79: 116.3 | Y79: 108.7 | Z79: 114.9 | AA79: 119.7 | AB79: 111.2 | AC79: 114.1 | AD79: 119.7
A80: Rural | B80: 2015 | C80: March | D80: 123.3 | E80: 124.7 | F80: 118.9 | G80: 126 | H80: 111.8 | I80: 130.9 | J80: 128 | K80: 119.9 | L80: 98.9 | M80: 119.4 | N80: 118.9 | O80: 127.7 | P80: 123.1 | Q80: 124.7 | R80: 126 | S80: 122.9 | T80: 125.5 | U80: NA | V80: 120.6 | W80: 120.2 | X80: 118.2 | Y80: 111.6 | Z80: 115.5 | AA80: 119.4 | AB80: 110.8 | AC80: 115.5 | AD80: 121.1
A81: Urban | B81: 2015 | C81: March | D81: 124 | E81: 126.7 | F81: 113.5 | G81: 125.9 | H81: 104.8 | I81: 123.8 | J81: 131.4 | K81: 127.2 | L81: 93.2 | M81: 127.4 | N81: 117 | O81: 129.2 | P81: 123.9 | Q81: 128.8 | R81: 121.7 | S81: 116.9 | T81: 120.9 | U81: 118.6 | V81: 114.4 | W81: 118 | X81: 114.3 | Y81: 108.4 | Z81: 115.4 | AA81: 120.6 | AB81: 111.3 | AC81: 113.8 | AD81: 119.1
A82: Rural+Urban | B82: 2015 | C82: March | D82: 123.5 | E82: 125.4 | F82: 116.8 | G82: 126 | H82: 109.2 | I82: 127.6 | J82: 129.2 | K82: 122.4 | L82: 97 | M82: 122.1 | N82: 118.1 | O82: 128.4 | P82: 123.4 | Q82: 125.8 | R82: 124.3 | S82: 120.4 | T82: 123.7 | U82: 118.6 | V82: 118.3 | W82: 119.2 | X82: 116.7 | Y82: 109.9 | Z82: 115.4 | AA82: 120.1 | AB82: 111 | AC82: 114.7 | AD82: 120.2
A83: Rural | B83: 2015 | C83: April | D83: 123.3 | E83: 125.5 | F83: 117.2 | G83: 126.8 | H83: 111.9 | I83: 134.2 | J83: 127.5 | K83: 121.5 | L83: 97.8 | M83: 119.8 | N83: 119.4 | O83: 128.7 | P83: 123.6 | Q83: 125.7 | R83: 126.4 | S83: 123.3 | T83: 126 | U83: NA | V83: 121.2 | W83: 120.9 | X83: 118.6 | Y83: 111.9 | Z83: 116.2 | AA83: 119.9 | AB83: 111.6 | AC83: 116 | AD83: 121.5
A84: Urban | B84: 2015 | C84: April | D84: 123.8 | E84: 128.2 | F84: 110 | G84: 126.3 | H84: 104.5 | I84: 130.6 | J84: 130.8 | K84: 131.3 | L84: 91.6 | M84: 127.7 | N84: 117.2 | O84: 129.5 | P84: 124.6 | Q84: 130.1 | R84: 122.1 | S84: 117.2 | T84: 121.3 | U84: 119.2 | V84: 114.7 | W84: 118.4 | X84: 114.6 | Y84: 108.4 | Z84: 115.6 | AA84: 121.7 | AB84: 111.8 | AC84: 114.2 | AD84: 119.7
A85: Rural+Urban | B85: 2015 | C85: April | D85: 123.5 | E85: 126.4 | F85: 114.4 | G85: 126.6 | H85: 109.2 | I85: 132.5 | J85: 128.6 | K85: 124.8 | L85: 95.7 | M85: 122.4 | N85: 118.5 | O85: 129.1 | P85: 124 | Q85: 126.9 | R85: 124.7 | S85: 120.8 | T85: 124.1 | U85: 119.2 | V85: 118.7 | W85: 119.7 | X85: 117.1 | Y85: 110.1 | Z85: 115.9 | AA85: 121 | AB85: 111.7 | AC85: 115.1 | AD85: 120.7
A86: Rural | B86: 2015 | C86: May | D86: 123.5 | E86: 127.1 | F86: 117.3 | G86: 127.7 | H86: 112.5 | I86: 134.1 | J86: 128.5 | K86: 124.3 | L86: 97.6 | M86: 120.7 | N86: 120.2 | O86: 129.8 | P86: 124.4 | Q86: 126.7 | R86: 127.3 | S86: 124.1 | T86: 126.8 | U86: NA | V86: 121.9 | W86: 121.5 | X86: 119.4 | Y86: 113.3 | Z86: 116.7 | AA86: 120.5 | AB86: 112.3 | AC86: 116.9 | AD86: 122.4
A87: Urban | B87: 2015 | C87: May | D87: 123.8 | E87: 129.7 | F87: 111.3 | G87: 126.6 | H87: 105.2 | I87: 130.8 | J87: 135.6 | K87: 142.6 | L87: 90.8 | M87: 128.8 | N87: 117.7 | O87: 129.9 | P87: 126.1 | Q87: 131.3 | R87: 122.4 | S87: 117.4 | T87: 121.6 | U87: 119.6 | V87: 114.9 | W87: 118.7 | X87: 114.9 | Y87: 110.8 | Z87: 116 | AA87: 122 | AB87: 112.4 | AC87: 115.2 | AD87: 120.7
A88: Rural+Urban | B88: 2015 | C88: May | D88: 123.6 | E88: 128 | F88: 115 | G88: 127.3 | H88: 109.8 | I88: 132.6 | J88: 130.9 | K88: 130.5 | L88: 95.3 | M88: 123.4 | N88: 119.2 | O88: 129.8 | P88: 125 | Q88: 127.9 | R88: 125.4 | S88: 121.3 | T88: 124.7 | U88: 119.6 | V88: 119.2 | W88: 120.2 | X88: 117.7 | Y88: 112 | Z88: 116.3 | AA88: 121.4 | AB88: 112.3 | AC88: 116.1 | AD88: 121.6
A89: Rural | B89: 2015 | C89: June | D89: 124.1 | E89: 130.4 | F89: 122.1 | G89: 128.7 | H89: 114.1 | I89: 133.2 | J89: 135.2 | K89: 131.9 | L89: 96.3 | M89: 123 | N89: 121.1 | O89: 131.2 | P89: 126.6 | Q89: 128.2 | R89: 128.4 | S89: 125.1 | T89: 128 | U89: NA | V89: 122.6 | W89: 122.8 | X89: 120.4 | Y89: 114.2 | Z89: 117.9 | AA89: 122 | AB89: 113 | AC89: 117.9 | AD89: 124.1
A90: Urban | B90: 2015 | C90: June | D90: 123.6 | E90: 134.4 | F90: 120.9 | G90: 127.3 | H90: 106 | I90: 132.3 | J90: 146.7 | K90: 148.1 | L90: 89.8 | M90: 130.5 | N90: 118 | O90: 130.5 | P90: 128.5 | Q90: 132.1 | R90: 123.2 | S90: 117.6 | T90: 122.3 | U90: 119 | V90: 115.1 | W90: 119.2 | X90: 115.4 | Y90: 111.7 | Z90: 116.2 | AA90: 123.8 | AB90: 112.5 | AC90: 116 | AD90: 121.7
A91: Rural+Urban | B91: 2015 | C91: June | D91: 123.9 | E91: 131.8 | F91: 121.6 | G91: 128.2 | H91: 111.1 | I91: 132.8 | J91: 139.1 | K91: 137.4 | L91: 94.1 | M91: 125.5 | N91: 119.8 | O91: 130.9 | P91: 127.3 | Q91: 129.2 | R91: 126.4 | S91: 122 | T91: 125.7 | U91: 119 | V91: 119.8 | W91: 121.1 | X91: 118.5 | Y91: 112.9 | Z91: 116.9 | AA91: 123.1 | AB91: 112.8 | AC91: 117 | AD91: 123
A92: Rural | B92: 2015 | C92: July | D92: 124 | E92: 131.5 | F92: 122 | G92: 128.7 | H92: 113.5 | I92: 133.3 | J92: 140.8 | K92: 133.8 | L92: 94.1 | M92: 123.4 | N92: 121 | O92: 131.7 | P92: 127.5 | Q92: 129.4 | R92: 128.8 | S92: 125.5 | T92: 128.3 | U92: NA | V92: 123 | W92: 123 | X92: 120.8 | Y92: 114.1 | Z92: 118 | AA92: 122.9 | AB92: 112.7 | AC92: 118.1 | AD92: 124.7
A93: Urban | B93: 2015 | C93: July | D93: 123.2 | E93: 134.3 | F93: 119.5 | G93: 127.7 | H93: 106.3 | I93: 132.8 | J93: 153.5 | K93: 149.5 | L93: 85.7 | M93: 131.5 | N93: 118.3 | O93: 131.1 | P93: 129.5 | Q93: 133.1 | R93: 123.5 | S93: 117.9 | T93: 122.7 | U93: 119.9 | V93: 115.3 | W93: 119.5 | X93: 116 | Y93: 111.5 | Z93: 116.6 | AA93: 125.4 | AB93: 111.7 | AC93: 116.3 | AD93: 122.4
A94: Rural+Urban | B94: 2015 | C94: July | D94: 123.7 | E94: 132.5 | F94: 121 | G94: 128.3 | H94: 110.9 | I94: 133.1 | J94: 145.1 | K94: 139.1 | L94: 91.3 | M94: 126.1 | N94: 119.9 | O94: 131.4 | P94: 128.2 | Q94: 130.4 | R94: 126.7 | S94: 122.3 | T94: 126.1 | U94: 119.9 | V94: 120.1 | W94: 121.3 | X94: 119 | Y94: 112.7 | Z94: 117.2 | AA94: 124.4 | AB94: 112.3 | AC94: 117.2 | AD94: 123.6
A95: Rural | B95: 2015 | C95: August | D95: 124.7 | E95: 131.3 | F95: 121.3 | G95: 128.8 | H95: 114 | I95: 134.2 | J95: 153.6 | K95: 137.9 | L95: 93.1 | M95: 123.9 | N95: 121.5 | O95: 132.5 | P95: 129.8 | Q95: 130.1 | R95: 129.5 | S95: 126.3 | T95: 129 | U95: NA | V95: 123.8 | W95: 123.7 | X95: 121.1 | Y95: 113.6 | Z95: 118.5 | AA95: 123.6 | AB95: 112.5 | AC95: 118.2 | AD95: 126.1
A96: Urban | B96: 2015 | C96: August | D96: 123.1 | E96: 131.7 | F96: 118.1 | G96: 128 | H96: 106.8 | I96: 130.1 | J96: 165.5 | K96: 156 | L96: 85.3 | M96: 132.7 | N96: 118.8 | O96: 131.7 | P96: 131.1 | Q96: 134.2 | R96: 123.7 | S96: 118.2 | T96: 122.9 | U96: 120.9 | V96: 115.3 | W96: 120 | X96: 116.6 | Y96: 109.9 | Z96: 117.2 | AA96: 126.2 | AB96: 112 | AC96: 116.2 | AD96: 123.2
A97: Rural+Urban | B97: 2015 | C97: August | D97: 124.2 | E97: 131.4 | F97: 120.1 | G97: 128.5 | H97: 111.4 | I97: 132.3 | J97: 157.6 | K97: 144 | L97: 90.5 | M97: 126.8 | N97: 120.4 | O97: 132.1 | P97: 130.3 | Q97: 131.2 | R97: 127.2 | S97: 122.9 | T97: 126.6 | U97: 120.9 | V97: 120.6 | W97: 122 | X97: 119.4 | Y97: 111.7 | Z97: 117.8 | AA97: 125.1 | AB97: 112.3 | AC97: 117.2 | AD97: 124.8
A98: Rural | B98: 2015 | C98: September | D98: 125.1 | E98: 131.1 | F98: 120.7 | G98: 129.2 | H98: 114.7 | I98: 132.3 | J98: 158.9 | K98: 142.1 | L98: 92.5 | M98: 125.4 | N98: 121.9 | O98: 132.7 | P98: 131 | Q98: 131 | R98: 130.4 | S98: 126.8 | T98: 129.9 | U98: NA | V98: 123.7 | W98: 124.5 | X98: 121.4 | Y98: 113.8 | Z98: 119.6 | AA98: 124.5 | AB98: 113.7 | AC98: 118.8 | AD98: 127
A99: Urban | B99: 2015 | C99: September | D99: 123.4 | E99: 129 | F99: 115.6 | G99: 128.3 | H99: 107 | I99: 124 | J99: 168.5 | K99: 165.4 | L99: 86.3 | M99: 134.4 | N99: 119.1 | O99: 132.3 | P99: 131.5 | Q99: 134.7 | R99: 124 | S99: 118.6 | T99: 123.2 | U99: 121.6 | V99: 115.1 | W99: 120.4 | X99: 117.1 | Y99: 109.1 | Z99: 117.3 | AA99: 126.5 | AB99: 112.9 | AC99: 116.2 | AD99: 123.5
A100: Rural+Urban | B100: 2015 | C100: September | D100: 124.6 | E100: 130.4 | F100: 118.7 | G100: 128.9 | H100: 111.9 | I100: 128.4 | J100: 162.2 | K100: 150 | L100: 90.4 | M100: 128.4 | N100: 120.7 | O100: 132.5 | P100: 131.2 | Q100: 132 | R100: 127.9 | S100: 123.4 | T100: 127.2 | U100: 121.6 | V100: 120.4 | W100: 122.6 | X100: 119.8 | Y100: 111.3 | Z100: 118.3 | AA100: 125.7 | AB100: 113.4 | AC100: 117.5 | AD100: 125.4
...

Sheet 02_Clean_Data
A1: Sector | B1: Year | C1: Month | D1: Cereals and products | E1: Meat and fish | F1: Egg | G1: Milk and products | H1: Oils and fats | I1: Fruits | J1: Vegetables | K1: Pulses and products | L1: Sugar and Confectionery | M1: Spices | N1: Non-alcoholic beverages | O1: Prepared meals, snacks, sweets etc. | P1: Food and beverages | Q1: Pan, tobacco and intoxicants | R1: Clothing | S1: Footwear | T1: Clothing and footwear | U1: Housing | V1: Fuel and light | W1: Household goods and services | X1: Health | Y1: Transport and communication | Z1: Recreation and amusement | AA1: Education | AB1: Personal care and effects | AC1: Miscellaneous | AD1: General index | AE1: Unique ID | AF1: Date
A2: Rural | B2: 2013 | C2: January | D2: 107.5 | E2: 106.3 | F2: 108.1 | G2: 104.9 | H2: 106.1 | I2: 103.9 | J2: 101.9 | K2: 106.1 | L2: 106.8 | M2: 103.1 | N2: 104.8 | O2: 106.7 | P2: 105.5 | Q2: 105.1 | R2: 106.5 | S2: 105.8 | T2: 106.4 | U2: NA | V2: 105.5 | W2: 104.8 | X2: 104 | Y2: 103.3 | Z2: 103.4 | AA2: 103.8 | AB2: 104.7 | AC2: 104 | AD2: 105.1 | AE2: =tbl_CPI_Clean[[#This Row],[Sector]]&"_"&tbl_CPI_Clean[[#This Row],[Year]]&"_"&tbl_CPI_Clean[[#This Row],[Month]] -> Rural_2013_January | AF2: =DATE(tbl_CPI_Clean[[#This Row],[Year]],MATCH(tbl_CPI_Clean[[#This Row],[Month]],{"January","February","March","April","May","June","July","August","September","October","November","December"},0),1) -> 41275
A3: Urban | B3: 2013 | C3: January | D3: 110.5 | E3: 109.1 | F3: 113 | G3: 103.6 | H3: 103.4 | I3: 102.3 | J3: 102.9 | K3: 105.8 | L3: 105.1 | M3: 101.8 | N3: 105.1 | O3: 107.9 | P3: 105.9 | Q3: 105.2 | R3: 105.9 | S3: 105 | T3: 105.8 | U3: 100.3 | V3: 105.4 | W3: 104.8 | X3: 104.1 | Y3: 103.2 | Z3: 102.9 | AA3: 103.5 | AB3: 104.3 | AC3: 103.7 | AD3: 104 | AE3: =tbl_CPI_Clean[[#This Row],[Sector]]&"_"&tbl_CPI_Clean[[#This Row],[Year]]&"_"&tbl_CPI_Clean[[#This Row],[Month]] -> Urban_2013_January | AF3: =DATE(tbl_CPI_Clean[[#This Row],[Year]],MATCH(tbl_CPI_Clean[[#This Row],[Month]],{"January","February","March","April","May","June","July","August","September","October","November","December"},0),1) -> 41275
A4: Rural+Urban | B4: 2013 | C4: January | D4: 108.4 | E4: 107.3 | F4: 110 | G4: 104.4 | H4: 105.1 | I4: 103.2 | J4: 102.2 | K4: 106 | L4: 106.2 | M4: 102.7 | N4: 104.9 | O4: 107.3 | P4: 105.6 | Q4: 105.1 | R4: 106.3 | S4: 105.5 | T4: 106.2 | U4: 100.3 | V4: 105.5 | W4: 104.8 | X4: 104 | Y4: 103.2 | Z4: 103.1 | AA4: 103.6 | AB4: 104.5 | AC4: 103.9 | AD4: 104.6 | AE4: =tbl_CPI_Clean[[#This Row],[Sector]]&"_"&tbl_CPI_Clean[[#This Row],[Year]]&"_"&tbl_CPI_Clean[[#This Row],[Month]] -> Rural+Urban_2013_January | AF4: =DATE(tbl_CPI_Clean[[#This Row],[Year]],MATCH(tbl_CPI_Clean[[#This Row],[Month]],{"January","February","March","April","May","June","July","August","September","October","November","December"},0),1) -> 41275
A5: Rural | B5: 2013 | C5: February | D5: 109.2 | E5: 108.7 | F5: 110.2 | G5: 105.4 | H5: 106.7 | I5: 104 | J5: 102.4 | K5: 105.9 | L5: 105.7 | M5: 103.1 | N5: 105.1 | O5: 107.7 | P5: 106.3 | Q5: 105.6 | R5: 107.1 | S5: 106.3 | T5: 107 | U5: NA | V5: 106.2 | W5: 105.2 | X5: 104.4 | Y5: 103.9 | Z5: 104 | AA5: 104.1 | AB5: 104.6 | AC5: 104.4 | AD5: 105.8 | AE5: =tbl_CPI_Clean[[#This Row],[Sector]]&"_"&tbl_CPI_Clean[[#This Row],[Year]]&"_"&tbl_CPI_Clean[[#This Row],[Month]] -> Rural_2013_February | AF5: =DATE(tbl_CPI_Clean[[#This Row],[Year]],MATCH(tbl_CPI_Clean[[#This Row],[Month]],{"January","February","March","April","May","June","July","August","September","October","November","December"},0),1) -> 41306
A6: Urban | B6: 2013 | C6: February | D6: 112.9 | E6: 112.9 | F6: 116.9 | G6: 104 | H6: 103.5 | I6: 103.1 | J6: 104.9 | K6: 104.1 | L6: 103.8 | M6: 102.3 | N6: 106 | O6: 109 | P6: 107.2 | Q6: 106 | R6: 106.6 | S6: 105.5 | T6: 106.4 | U6: 100.4 | V6: 105.7 | W6: 105.2 | X6: 104.7 | Y6: 104.4 | Z6: 103.3 | AA6: 103.7 | AB6: 104.3 | AC6: 104.3 | AD6: 104.7 | AE6: =tbl_CPI_Clean[[#This Row],[Sector]]&"_"&tbl_CPI_Clean[[#This Row],[Year]]&"_"&tbl_CPI_Clean[[#This Row],[Month]] -> Urban_2013_February | AF6: =DATE(tbl_CPI_Clean[[#This Row],[Year]],MATCH(tbl_CPI_Clean[[#This Row],[Month]],{"January","February","March","April","May","June","July","August","September","October","November","December"},0),1) -> 41306
A7: Rural+Urban | B7: 2013 | C7: February | D7: 110.4 | E7: 110.2 | F7: 112.8 | G7: 104.9 | H7: 105.5 | I7: 103.6 | J7: 103.2 | K7: 105.3 | L7: 105.1 | M7: 102.8 | N7: 105.5 | O7: 108.3 | P7: 106.6 | Q7: 105.7 | R7: 106.9 | S7: 106 | T7: 106.8 | U7: 100.4 | V7: 106 | W7: 105.2 | X7: 104.5 | Y7: 104.2 | Z7: 103.6 | AA7: 103.9 | AB7: 104.5 | AC7: 104.4 | AD7: 105.3 | AE7: =tbl_CPI_Clean[[#This Row],[Sector]]&"_"&tbl_CPI_Clean[[#This Row],[Year]]&"_"&tbl_CPI_Clean[[#This Row],[Month]] -> Rural+Urban_2013_February | AF7: =DATE(tbl_CPI_Clean[[#This Row],[Year]],MATCH(tbl_CPI_Clean[[#This Row],[Month]],{"January","February","March","April","May","June","July","August","September","October","November","December"},0),1) -> 41306
A8: Rural | B8: 2013 | C8: March | D8: 110.2 | E8: 108.8 | F8: 109.9 | G8: 105.6 | H8: 106.2 | I8: 105.7 | J8: 101.4 | K8: 105.7 | L8: 105 | M8: 103.3 | N8: 105.6 | O8: 108.2 | P8: 106.6 | Q8: 106.5 | R8: 107.6 | S8: 106.8 | T8: 107.5 | U8: NA | V8: 106.1 | W8: 105.6 | X8: 104.7 | Y8: 104.6 | Z8: 104 | AA8: 104.3 | AB8: 104.3 | AC8: 104.6 | AD8: 106 | AE8: =tbl_CPI_Clean[[#This Row],[Sector]]&"_"&tbl_CPI_Clean[[#This Row],[Year]]&"_"&tbl_CPI_Clean[[#This Row],[Month]] -> Rural_2013_March | AF8: =DATE(tbl_CPI_Clean[[#This Row],[Year]],MATCH(tbl_CPI_Clean[[#This Row],[Month]],{"January","February","March","April","May","June","July","August","September","October","November","December"},0),1) -> 41334 | AI8: Row Labels | AJ8: Count of General index
A9: Urban | B9: 2013 | C9: March | D9: 113.9 | E9: 111.4 | F9: 113.2 | G9: 104.3 | H9: 102.7 | I9: 104.9 | J9: 103.8 | K9: 103.5 | L9: 102.6 | M9: 102.4 | N9: 107 | O9: 109.8 | P9: 107.3 | Q9: 106.8 | R9: 107.2 | S9: 106 | T9: 107 | U9: 100.4 | V9: 106 | W9: 105.7 | X9: 105.2 | Y9: 105.5 | Z9: 103.5 | AA9: 103.8 | AB9: 104.2 | AC9: 104.9 | AD9: 105 | AE9: =tbl_CPI_Clean[[#This Row],[Sector]]&"_"&tbl_CPI_Clean[[#This Row],[Year]]&"_"&tbl_CPI_Clean[[#This Row],[Month]] -> Urban_2013_March | AF9: =DATE(tbl_CPI_Clean[[#This Row],[Year]],MATCH(tbl_CPI_Clean[[#This Row],[Month]],{"January","February","March","April","May","June","July","August","September","October","November","December"},0),1) -> 41334 | AI9: Rural | AJ9: 124
A10: Rural+Urban | B10: 2013 | C10: March | D10: 111.4 | E10: 109.7 | F10: 111.2 | G10: 105.1 | H10: 104.9 | I10: 105.3 | J10: 102.2 | K10: 105 | L10: 104.2 | M10: 103 | N10: 106.2 | O10: 108.9 | P10: 106.9 | Q10: 106.6 | R10: 107.4 | S10: 106.5 | T10: 107.3 | U10: 100.4 | V10: 106.1 | W10: 105.6 | X10: 104.9 | Y10: 105.1 | Z10: 103.7 | AA10: 104 | AB10: 104.3 | AC10: 104.7 | AD10: 105.5 | AE10: =tbl_CPI_Clean[[#This Row],[Sector]]&"_"&tbl_CPI_Clean[[#This Row],[Year]]&"_"&tbl_CPI_Clean[[#This Row],[Month]] -> Rural+Urban_2013_March | AF10: =DATE(tbl_CPI_Clean[[#This Row],[Year]],MATCH(tbl_CPI_Clean[[#This Row],[Month]],{"January","February","March","April","May","June","July","August","September","October","November","December"},0),1) -> 41334 | AI10: Rural+Urban | AJ10: 124
A11: Rural | B11: 2013 | C11: April | D11: 110.2 | E11: 109.5 | F11: 106.9 | G11: 106.3 | H11: 105.7 | I11: 108.3 | J11: 103.4 | K11: 105.7 | L11: 104.2 | M11: 103.2 | N11: 106.5 | O11: 108.8 | P11: 107.1 | Q11: 107.1 | R11: 108.1 | S11: 107.4 | T11: 108 | U11: NA | V11: 106.5 | W11: 106.1 | X11: 105.1 | Y11: 104.4 | Z11: 104.5 | AA11: 104.8 | AB11: 102.7 | AC11: 104.6 | AD11: 106.4 | AE11: =tbl_CPI_Clean[[#This Row],[Sector]]&"_"&tbl_CPI_Clean[[#This Row],[Year]]&"_"&tbl_CPI_Clean[[#This Row],[Month]] -> Rural_2013_April | AF11: =DATE(tbl_CPI_Clean[[#This Row],[Year]],MATCH(tbl_CPI_Clean[[#This Row],[Month]],{"January","February","March","April","May","June","July","August","September","October","November","December"},0),1) -> 41365 | AI11: Urban | AJ11: 124
A12: Urban | B12: 2013 | C12: April | D12: 114.6 | E12: 113.4 | F12: 106 | G12: 104.7 | H12: 102.1 | I12: 109.5 | J12: 109.7 | K12: 104.6 | L12: 102 | M12: 103.5 | N12: 108.2 | O12: 110.6 | P12: 108.8 | Q12: 108.5 | R12: 107.9 | S12: 106.4 | T12: 107.7 | U12: 100.5 | V12: 106.4 | W12: 106.5 | X12: 105.7 | Y12: 105 | Z12: 104 | AA12: 105.2 | AB12: 103.2 | AC12: 105.1 | AD12: 105.7 | AE12: =tbl_CPI_Clean[[#This Row],[Sector]]&"_"&tbl_CPI_Clean[[#This Row],[Year]]&"_"&tbl_CPI_Clean[[#This Row],[Month]] -> Urban_2013_April | AF12: =DATE(tbl_CPI_Clean[[#This Row],[Year]],MATCH(tbl_CPI_Clean[[#This Row],[Month]],{"January","February","March","April","May","June","July","August","September","October","November","December"},0),1) -> 41365 | AI12: Grand Total | AJ12: 372
A13: Rural+Urban | B13: 2013 | C13: April | D13: 111.6 | E13: 110.9 | F13: 106.6 | G13: 105.7 | H13: 104.4 | I13: 108.9 | J13: 105.5 | K13: 105.3 | L13: 103.5 | M13: 103.3 | N13: 107.2 | O13: 109.6 | P13: 107.7 | Q13: 107.5 | R13: 108 | S13: 107 | T13: 107.9 | U13: 100.5 | V13: 106.5 | W13: 106.3 | X13: 105.3 | Y13: 104.7 | Z13: 104.2 | AA13: 105 | AB13: 102.9 | AC13: 104.8 | AD13: 106.1 | AE13: =tbl_CPI_Clean[[#This Row],[Sector]]&"_"&tbl_CPI_Clean[[#This Row],[Year]]&"_"&tbl_CPI_Clean[[#This Row],[Month]] -> Rural+Urban_2013_April | AF13: =DATE(tbl_CPI_Clean[[#This Row],[Year]],MATCH(tbl_CPI_Clean[[#This Row],[Month]],{"January","February","March","April","May","June","July","August","September","October","November","December"},0),1) -> 41365
A14: Rural | B14: 2013 | C14: May | D14: 110.9 | E14: 109.8 | F14: 105.9 | G14: 107.5 | H14: 105.3 | I14: 108.1 | J14: 107.3 | K14: 106.1 | L14: 103.7 | M14: 104 | N14: 107.4 | O14: 109.9 | P14: 108.1 | Q14: 108.1 | R14: 108.8 | S14: 107.9 | T14: 108.6 | U14: NA | V14: 107.5 | W14: 106.8 | X14: 105.7 | Y14: 104.1 | Z14: 105 | AA14: 105.5 | AB14: 102.1 | AC14: 104.8 | AD14: 107.2 | AE14: =tbl_CPI_Clean[[#This Row],[Sector]]&"_"&tbl_CPI_Clean[[#This Row],[Year]]&"_"&tbl_CPI_Clean[[#This Row],[Month]] -> Rural_2013_May | AF14: =DATE(tbl_CPI_Clean[[#This Row],[Year]],MATCH(tbl_CPI_Clean[[#This Row],[Month]],{"January","February","March","April","May","June","July","August","September","October","November","December"},0),1) -> 41395
A15: Urban | B15: 2013 | C15: May | D15: 115.4 | E15: 114.2 | F15: 102.7 | G15: 105.5 | H15: 101.5 | I15: 110.6 | J15: 123.7 | K15: 105.2 | L15: 101.9 | M15: 105 | N15: 109.1 | O15: 111.3 | P15: 111.1 | Q15: 109.8 | R15: 108.5 | S15: 106.7 | T15: 108.3 | U15: 100.5 | V15: 107.2 | W15: 107.1 | X15: 106.2 | Y15: 103.9 | Z15: 104.6 | AA15: 105.7 | AB15: 102.6 | AC15: 104.9 | AD15: 106.6 | AE15: =tbl_CPI_Clean[[#This Row],[Sector]]&"_"&tbl_CPI_Clean[[#This Row],[Year]]&"_"&tbl_CPI_Clean[[#This Row],[Month]] -> Urban_2013_May | AF15: =DATE(tbl_CPI_Clean[[#This Row],[Year]],MATCH(tbl_CPI_Clean[[#This Row],[Month]],{"January","February","March","April","May","June","July","August","September","October","November","December"},0),1) -> 41395
A16: Rural+Urban | B16: 2013 | C16: May | D16: 112.3 | E16: 111.3 | F16: 104.7 | G16: 106.8 | H16: 103.9 | I16: 109.3 | J16: 112.9 | K16: 105.8 | L16: 103.1 | M16: 104.3 | N16: 108.1 | O16: 110.5 | P16: 109.2 | Q16: 108.6 | R16: 108.7 | S16: 107.4 | T16: 108.5 | U16: 100.5 | V16: 107.4 | W16: 106.9 | X16: 105.9 | Y16: 104 | Z16: 104.8 | AA16: 105.6 | AB16: 102.3 | AC16: 104.8 | AD16: 106.9 | AE16: =tbl_CPI_Clean[[#This Row],[Sector]]&"_"&tbl_CPI_Clean[[#This Row],[Year]]&"_"&tbl_CPI_Clean[[#This Row],[Month]] -> Rural+Urban_2013_May | AF16: =DATE(tbl_CPI_Clean[[#This Row],[Year]],MATCH(tbl_CPI_Clean[[#This Row],[Month]],{"January","February","March","April","May","June","July","August","September","October","November","December"},0),1) -> 41395
A17: Rural | B17: 2013 | C17: June | D17: 112.3 | E17: 112.1 | F17: 108.1 | G17: 108.3 | H17: 105.9 | I17: 109.2 | J17: 118 | K17: 106.8 | L17: 104.1 | M17: 105.4 | N17: 108.2 | O17: 111 | P17: 110.6 | Q17: 109 | R17: 109.7 | S17: 108.8 | T17: 109.5 | U17: NA | V17: 108.5 | W17: 107.5 | X17: 106.3 | Y17: 105 | Z17: 105.6 | AA17: 106.5 | AB17: 102.5 | AC17: 105.5 | AD17: 108.9 | AE17: =tbl_CPI_Clean[[#This Row],[Sector]]&"_"&tbl_CPI_Clean[[#This Row],[Year]]&"_"&tbl_CPI_Clean[[#This Row],[Month]] -> Rural_2013_June | AF17: =DATE(tbl_CPI_Clean[[#This Row],[Year]],MATCH(tbl_CPI_Clean[[#This Row],[Month]],{"January","February","March","April","May","June","July","August","September","October","November","December"},0),1) -> 41426
A18: Urban | B18: 2013 | C18: June | D18: 117 | E18: 120.1 | F18: 112.5 | G18: 107.3 | H18: 101.3 | I18: 112.4 | J18: 143.6 | K18: 105.4 | L18: 101.4 | M18: 106.4 | N18: 110 | O18: 112.2 | P18: 115 | Q18: 110.9 | R18: 109.2 | S18: 107.2 | T18: 108.9 | U18: 106.6 | V18: 108 | W18: 107.7 | X18: 106.5 | Y18: 105.2 | Z18: 105.2 | AA18: 108.1 | AB18: 103.3 | AC18: 106.1 | AD18: 109.7 | AE18: =tbl_CPI_Clean[[#This Row],[Sector]]&"_"&tbl_CPI_Clean[[#This Row],[Year]]&"_"&tbl_CPI_Clean[[#This Row],[Month]] -> Urban_2013_June | AF18: =DATE(tbl_CPI_Clean[[#This Row],[Year]],MATCH(tbl_CPI_Clean[[#This Row],[Month]],{"January","February","March","April","May","June","July","August","September","October","November","December"},0),1) -> 41426
A19: Rural+Urban | B19: 2013 | C19: June | D19: 113.8 | E19: 114.9 | F19: 109.8 | G19: 107.9 | H19: 104.2 | I19: 110.7 | J19: 126.7 | K19: 106.3 | L19: 103.2 | M19: 105.7 | N19: 109 | O19: 111.6 | P19: 112.2 | Q19: 109.5 | R19: 109.5 | S19: 108.1 | T19: 109.3 | U19: 106.6 | V19: 108.3 | W19: 107.6 | X19: 106.4 | Y19: 105.1 | Z19: 105.4 | AA19: 107.4 | AB19: 102.8 | AC19: 105.8 | AD19: 109.3 | AE19: =tbl_CPI_Clean[[#This Row],[Sector]]&"_"&tbl_CPI_Clean[[#This Row],[Year]]&"_"&tbl_CPI_Clean[[#This Row],[Month]] -> Rural+Urban_2013_June | AF19: =DATE(tbl_CPI_Clean[[#This Row],[Year]],MATCH(tbl_CPI_Clean[[#This Row],[Month]],{"January","February","March","April","May","June","July","August","September","October","November","December"},0),1) -> 41426
A20: Rural | B20: 2013 | C20: July | D20: 113.4 | E20: 114.9 | F20: 110.5 | G20: 109.3 | H20: 106.2 | I20: 110.3 | J20: 129.2 | K20: 107.1 | L20: 104.3 | M20: 106.4 | N20: 109.1 | O20: 112.1 | P20: 113.1 | Q20: 109.8 | R20: 110.5 | S20: 109.5 | T20: 110.3 | U20: NA | V20: 109.5 | W20: 108.3 | X20: 106.9 | Y20: 106.8 | Z20: 106.4 | AA20: 107.8 | AB20: 102.5 | AC20: 106.5 | AD20: 110.7 | AE20: =tbl_CPI_Clean[[#This Row],[Sector]]&"_"&tbl_CPI_Clean[[#This Row],[Year]]&"_"&tbl_CPI_Clean[[#This Row],[Month]] -> Rural_2013_July | AF20: =DATE(tbl_CPI_Clean[[#This Row],[Year]],MATCH(tbl_CPI_Clean[[#This Row],[Month]],{"January","February","March","April","May","June","July","August","September","October","November","December"},0),1) -> 41456
A21: Urban | B21: 2013 | C21: July | D21: 117.8 | E21: 119.2 | F21: 114 | G21: 108.3 | H21: 101.1 | I21: 113.2 | J21: 160.9 | K21: 105.1 | L21: 101.3 | M21: 107.5 | N21: 110.4 | O21: 113.1 | P21: 117.5 | Q21: 111.7 | R21: 109.8 | S21: 107.8 | T21: 109.5 | U21: 107.7 | V21: 108.6 | W21: 108.1 | X21: 107.1 | Y21: 107.3 | Z21: 105.9 | AA21: 110.1 | AB21: 103.2 | AC21: 107.3 | AD21: 111.4 | AE21: =tbl_CPI_Clean[[#This Row],[Sector]]&"_"&tbl_CPI_Clean[[#This Row],[Year]]&"_"&tbl_CPI_Clean[[#This Row],[Month]] -> Urban_2013_July | AF21: =DATE(tbl_CPI_Clean[[#This Row],[Year]],MATCH(tbl_CPI_Clean[[#This Row],[Month]],{"January","February","March","April","May","June","July","August","September","October","November","December"},0),1) -> 41456
A22: Rural+Urban | B22: 2013 | C22: July | D22: 114.8 | E22: 116.4 | F22: 111.9 | G22: 108.9 | H22: 104.3 | I22: 111.7 | J22: 140 | K22: 106.4 | L22: 103.3 | M22: 106.8 | N22: 109.6 | O22: 112.6 | P22: 114.7 | Q22: 110.3 | R22: 110.2 | S22: 108.8 | T22: 110 | U22: 107.7 | V22: 109.2 | W22: 108.2 | X22: 107 | Y22: 107.1 | Z22: 106.1 | AA22: 109.1 | AB22: 102.8 | AC22: 106.9 | AD22: 111 | AE22: =tbl_CPI_Clean[[#This Row],[Sector]]&"_"&tbl_CPI_Clean[[#This Row],[Year]]&"_"&tbl_CPI_Clean[[#This Row],[Month]] -> Rural+Urban_2013_July | AF22: =DATE(tbl_CPI_Clean[[#This Row],[Year]],MATCH(tbl_CPI_Clean[[#This Row],[Month]],{"January","February","March","April","May","June","July","August","September","October","November","December"},0),1) -> 41456
A23: Rural | B23: 2013 | C23: August | D23: 114.3 | E23: 115.4 | F23: 111.1 | G23: 110 | H23: 106.4 | I23: 110.8 | J23: 138.9 | K23: 107.4 | L23: 104.1 | M23: 106.9 | N23: 109.7 | O23: 112.6 | P23: 114.9 | Q23: 110.7 | R23: 111.3 | S23: 110.2 | T23: 111.1 | U23: NA | V23: 109.9 | W23: 108.7 | X23: 107.5 | Y23: 107.8 | Z23: 106.8 | AA23: 108.7 | AB23: 105 | AC23: 107.5 | AD23: 112.1 | AE23: =tbl_CPI_Clean[[#This Row],[Sector]]&"_"&tbl_CPI_Clean[[#This Row],[Year]]&"_"&tbl_CPI_Clean[[#This Row],[Month]] -> Rural_2013_August | AF23: =DATE(tbl_CPI_Clean[[#This Row],[Year]],MATCH(tbl_CPI_Clean[[#This Row],[Month]],{"January","February","March","April","May","June","July","August","September","October","November","December"},0),1) -> 41487
A24: Urban | B24: 2013 | C24: August | D24: 118.3 | E24: 120.4 | F24: 112.7 | G24: 108.9 | H24: 101.1 | I24: 108.7 | J24: 177 | K24: 104.7 | L24: 101 | M24: 108.5 | N24: 110.9 | O24: 114.3 | P24: 119.6 | Q24: 112.4 | R24: 110.6 | S24: 108.3 | T24: 110.2 | U24: 108.9 | V24: 109.3 | W24: 108.7 | X24: 107.6 | Y24: 108.1 | Z24: 106.5 | AA24: 110.8 | AB24: 106 | AC24: 108.3 | AD24: 112.7 | AE24: =tbl_CPI_Clean[[#This Row],[Sector]]&"_"&tbl_CPI_Clean[[#This Row],[Year]]&"_"&tbl_CPI_Clean[[#This Row],[Month]] -> Urban_2013_August | AF24: =DATE(tbl_CPI_Clean[[#This Row],[Year]],MATCH(tbl_CPI_Clean[[#This Row],[Month]],{"January","February","March","April","May","June","July","August","September","October","November","December"},0),1) -> 41487
A25: Rural+Urban | B25: 2013 | C25: August | D25: 115.6 | E25: 117.2 | F25: 111.7 | G25: 109.6 | H25: 104.5 | I25: 109.8 | J25: 151.8 | K25: 106.5 | L25: 103.1 | M25: 107.4 | N25: 110.2 | O25: 113.4 | P25: 116.6 | Q25: 111.2 | R25: 111 | S25: 109.4 | T25: 110.7 | U25: 108.9 | V25: 109.7 | W25: 108.7 | X25: 107.5 | Y25: 108 | Z25: 106.6 | AA25: 109.9 | AB25: 105.4 | AC25: 107.9 | AD25: 112.4 | AE25: =tbl_CPI_Clean[[#This Row],[Sector]]&"_"&tbl_CPI_Clean[[#This Row],[Year]]&"_"&tbl_CPI_Clean[[#This Row],[Month]] -> Rural+Urban_2013_August | AF25: =DATE(tbl_CPI_Clean[[#This Row],[Year]],MATCH(tbl_CPI_Clean[[#This Row],[Month]],{"January","February","March","April","May","June","July","August","September","October","November","December"},0),1) -> 41487
A26: Rural | B26: 2013 | C26: September | D26: 115.4 | E26: 115.7 | F26: 111.7 | G26: 111 | H26: 107.4 | I26: 110.9 | J26: 154 | K26: 108.1 | L26: 104.2 | M26: 107.9 | N26: 110.4 | O26: 114 | P26: 117.8 | Q26: 111.7 | R26: 112.7 | S26: 111.4 | T26: 112.5 | U26: NA | V26: 111.1 | W26: 109.6 | X26: 108.3 | Y26: 109.3 | Z26: 107.7 | AA26: 109.8 | AB26: 106.7 | AC26: 108.7 | AD26: 114.2 | AE26: =tbl_CPI_Clean[[#This Row],[Sector]]&"_"&tbl_CPI_Clean[[#This Row],[Year]]&"_"&tbl_CPI_Clean[[#This Row],[Month]] -> Rural_2013_September | AF26: =DATE(tbl_CPI_Clean[[#This Row],[Year]],MATCH(tbl_CPI_Clean[[#This Row],[Month]],{"January","February","March","April","May","June","July","August","September","October","November","December"},0),1) -> 41518
A27: Urban | B27: 2013 | C27: September | D27: 118.6 | E27: 119.1 | F27: 113.2 | G27: 109.6 | H27: 101.7 | I27: 103.2 | J27: 174.3 | K27: 105.1 | L27: 100.8 | M27: 109.1 | N27: 111.1 | O27: 115.4 | P27: 119.2 | Q27: 112.9 | R27: 111.4 | S27: 109 | T27: 111.1 | U27: 109.7 | V27: 109.5 | W27: 109.6 | X27: 107.9 | Y27: 110.4 | Z27: 107.4 | AA27: 111.2 | AB27: 106.9 | AC27: 109.4 | AD27: 113.2 | AE27: =tbl_CPI_Clean[[#This Row],[Sector]]&"_"&tbl_CPI_Clean[[#This Row],[Year]]&"_"&tbl_CPI_Clean[[#This Row],[Month]] -> Urban_2013_September | AF27: =DATE(tbl_CPI_Clean[[#This Row],[Year]],MATCH(tbl_CPI_Clean[[#This Row],[Month]],{"January","February","March","April","May","June","July","August","September","October","November","December"},0),1) -> 41518
A28: Rural+Urban | B28: 2013 | C28: September | D28: 116.4 | E28: 116.9 | F28: 112.3 | G28: 110.5 | H28: 105.3 | I28: 107.3 | J28: 160.9 | K28: 107.1 | L28: 103.1 | M28: 108.3 | N28: 110.7 | O28: 114.6 | P28: 118.3 | Q28: 112 | R28: 112.2 | S28: 110.4 | T28: 111.9 | U28: 109.7 | V28: 110.5 | W28: 109.6 | X28: 108.1 | Y28: 109.9 | Z28: 107.5 | AA28: 110.6 | AB28: 106.8 | AC28: 109 | AD28: 113.7 | AE28: =tbl_CPI_Clean[[#This Row],[Sector]]&"_"&tbl_CPI_Clean[[#This Row],[Year]]&"_"&tbl_CPI_Clean[[#This Row],[Month]] -> Rural+Urban_2013_September | AF28: =DATE(tbl_CPI_Clean[[#This Row],[Year]],MATCH(tbl_CPI_Clean[[#This Row],[Month]],{"January","February","March","April","May","June","July","August","September","October","November","December"},0),1) -> 41518
A29: Rural | B29: 2013 | C29: October | D29: 116.3 | E29: 115.4 | F29: 112.6 | G29: 111.7 | H29: 107.7 | I29: 113.2 | J29: 164.9 | K29: 108.3 | L29: 103.9 | M29: 108.2 | N29: 111.1 | O29: 114.9 | P29: 119.8 | Q29: 112.2 | R29: 113.6 | S29: 112.3 | T29: 113.4 | U29: NA | V29: 111.6 | W29: 110.4 | X29: 108.9 | Y29: 109.3 | Z29: 108.3 | AA29: 110.2 | AB29: 107.5 | AC29: 109.1 | AD29: 115.5 | AE29: =tbl_CPI_Clean[[#This Row],[Sector]]&"_"&tbl_CPI_Clean[[#This Row],[Year]]&"_"&tbl_CPI_Clean[[#This Row],[Month]] -> Rural_2013_October | AF29: =DATE(tbl_CPI_Clean[[#This Row],[Year]],MATCH(tbl_CPI_Clean[[#This Row],[Month]],{"January","February","March","April","May","June","July","August","September","October","November","December"},0),1) -> 41548
A30: Urban | B30: 2013 | C30: October | D30: 118.9 | E30: 118.1 | F30: 114.5 | G30: 110.4 | H30: 102.3 | I30: 106.2 | J30: 183.5 | K30: 105.3 | L30: 100.2 | M30: 109.6 | N30: 111.4 | O30: 116 | P30: 120.8 | Q30: 113.5 | R30: 112.5 | S30: 109.7 | T30: 112 | U30: 110.5 | V30: 109.7 | W30: 110.2 | X30: 108.2 | Y30: 109.7 | Z30: 108 | AA30: 111.3 | AB30: 107.3 | AC30: 109.4 | AD30: 114 | AE30: =tbl_CPI_Clean[[#This Row],[Sector]]&"_"&tbl_CPI_Clean[[#This Row],[Year]]&"_"&tbl_CPI_Clean[[#This Row],[Month]] -> Urban_2013_October | AF30: =DATE(tbl_CPI_Clean[[#This Row],[Year]],MATCH(tbl_CPI_Clean[[#This Row],[Month]],{"January","February","March","April","May","June","July","August","September","October","November","December"},0),1) -> 41548
A31: Rural+Urban | B31: 2013 | C31: October | D31: 117.1 | E31: 116.3 | F31: 113.3 | G31: 111.2 | H31: 105.7 | I31: 109.9 | J31: 171.2 | K31: 107.3 | L31: 102.7 | M31: 108.7 | N31: 111.2 | O31: 115.4 | P31: 120.2 | Q31: 112.5 | R31: 113.2 | S31: 111.2 | T31: 112.8 | U31: 110.5 | V31: 110.9 | W31: 110.3 | X31: 108.6 | Y31: 109.5 | Z31: 108.1 | AA31: 110.8 | AB31: 107.4 | AC31: 109.2 | AD31: 114.8 | AE31: =tbl_CPI_Clean[[#This Row],[Sector]]&"_"&tbl_CPI_Clean[[#This Row],[Year]]&"_"&tbl_CPI_Clean[[#This Row],[Month]] -> Rural+Urban_2013_October | AF31: =DATE(tbl_CPI_Clean[[#This Row],[Year]],MATCH(tbl_CPI_Clean[[#This Row],[Month]],{"January","February","March","April","May","June","July","August","September","October","November","December"},0),1) -> 41548
A32: Rural | B32: 2013 | C32: November | D32: 117.3 | E32: 114.9 | F32: 116.2 | G32: 112.8 | H32: 108.9 | I32: 116.6 | J32: 178.1 | K32: 109.1 | L32: 103.6 | M32: 109 | N32: 111.8 | O32: 116 | P32: 122.5 | Q32: 112.8 | R32: 114.6 | S32: 113.1 | T32: 114.4 | U32: NA | V32: 112.6 | W32: 111.3 | X32: 109.7 | Y32: 109.6 | Z32: 108.7 | AA32: 111 | AB32: 108.2 | AC32: 109.8 | AD32: 117.4 | AE32: =tbl_CPI_Clean[[#This Row],[Sector]]&"_"&tbl_CPI_Clean[[#This Row],[Year]]&"_"&tbl_CPI_Clean[[#This Row],[Month]] -> Rural_2013_November | AF32: 41579
A33: Urban | B33: 2013 | C33: November | D33: 119.8 | E33: 116.3 | F33: 122.6 | G33: 112 | H33: 103.2 | I33: 110 | J33: 192.8 | K33: 106.3 | L33: 99.5 | M33: 110.3 | N33: 111.8 | O33: 117.1 | P33: 122.9 | Q33: 114.1 | R33: 113.5 | S33: 110.3 | T33: 113 | U33: 111.1 | V33: 110 | W33: 110.9 | X33: 108.6 | Y33: 109.5 | Z33: 108.5 | AA33: 111.3 | AB33: 107.9 | AC33: 109.6 | AD33: 115 | AE33: =tbl_CPI_Clean[[#This Row],[Sector]]&"_"&tbl_CPI_Clean[[#This Row],[Year]]&"_"&tbl_CPI_Clean[[#This Row],[Month]] -> Urban_2013_November | AF33: =DATE(tbl_CPI_Clean[[#This Row],[Year]],MATCH(tbl_CPI_Clean[[#This Row],[Month]],{"January","February","March","April","May","June","July","August","September","October","November","December"},0),1) -> 41579
A34: Rural+Urban | B34: 2013 | C34: November | D34: 118.1 | E34: 115.4 | F34: 118.7 | G34: 112.5 | H34: 106.8 | I34: 113.5 | J34: 183.1 | K34: 108.2 | L34: 102.2 | M34: 109.4 | N34: 111.8 | O34: 116.5 | P34: 122.6 | Q34: 113.1 | R34: 114.2 | S34: 111.9 | T34: 113.8 | U34: 111.1 | V34: 111.6 | W34: 111.1 | X34: 109.3 | Y34: 109.5 | Z34: 108.6 | AA34: 111.2 | AB34: 108.1 | AC34: 109.7 | AD34: 116.3 | AE34: =tbl_CPI_Clean[[#This Row],[Sector]]&"_"&tbl_CPI_Clean[[#This Row],[Year]]&"_"&tbl_CPI_Clean[[#This Row],[Month]] -> Rural+Urban_2013_November | AF34: =DATE(tbl_CPI_Clean[[#This Row],[Year]],MATCH(tbl_CPI_Clean[[#This Row],[Month]],{"January","February","March","April","May","June","July","August","September","October","November","December"},0),1) -> 41579
A35: Rural | B35: 2013 | C35: December | D35: 118.4 | E35: 115.9 | F35: 120.4 | G35: 113.8 | H35: 109.5 | I35: 115.5 | J35: 145.7 | K35: 109.5 | L35: 102.9 | M35: 109.8 | N35: 112.1 | O35: 116.8 | P35: 118.7 | Q35: 113.6 | R35: 115.8 | S35: 114 | T35: 115.5 | U35: NA | V35: 112.8 | W35: 112.1 | X35: 110.1 | Y35: 109.9 | Z35: 109.2 | AA35: 111.6 | AB35: 108.1 | AC35: 110.1 | AD35: 115.5 | AE35: =tbl_CPI_Clean[[#This Row],[Sector]]&"_"&tbl_CPI_Clean[[#This Row],[Year]]&"_"&tbl_CPI_Clean[[#This Row],[Month]] -> Rural_2013_December | AF35: =DATE(tbl_CPI_Clean[[#This Row],[Year]],MATCH(tbl_CPI_Clean[[#This Row],[Month]],{"January","February","March","April","May","June","July","August","September","October","November","December"},0),1) -> 41609
A36: Urban | B36: 2013 | C36: December | D36: 120.5 | E36: 118.1 | F36: 128.5 | G36: 112.8 | H36: 103.4 | I36: 110.7 | J36: 144.8 | K36: 107.1 | L36: 98.6 | M36: 111.9 | N36: 112.1 | O36: 118.1 | P36: 117.8 | Q36: 115 | R36: 114.2 | S36: 110.9 | T36: 113.7 | U36: 110.7 | V36: 110.4 | W36: 111.3 | X36: 109 | Y36: 109.7 | Z36: 108.9 | AA36: 111.4 | AB36: 107.7 | AC36: 109.8 | AD36: 113.3 | AE36: =tbl_CPI_Clean[[#This Row],[Sector]]&"_"&tbl_CPI_Clean[[#This Row],[Year]]&"_"&tbl_CPI_Clean[[#This Row],[Month]] -> Urban_2013_December | AF36: =DATE(tbl_CPI_Clean[[#This Row],[Year]],MATCH(tbl_CPI_Clean[[#This Row],[Month]],{"January","February","March","April","May","June","July","August","September","October","November","December"},0),1) -> 41609
A37: Rural+Urban | B37: 2013 | C37: December | D37: 119.1 | E37: 116.7 | F37: 123.5 | G37: 113.4 | H37: 107.3 | I37: 113.3 | J37: 145.4 | K37: 108.7 | L37: 101.5 | M37: 110.5 | N37: 112.1 | O37: 117.4 | P37: 118.4 | Q37: 114 | R37: 115.2 | S37: 112.7 | T37: 114.8 | U37: 110.7 | V37: 111.9 | W37: 111.7 | X37: 109.7 | Y37: 109.8 | Z37: 109 | AA37: 111.5 | AB37: 107.9 | AC37: 110 | AD37: 114.5 | AE37: =tbl_CPI_Clean[[#This Row],[Sector]]&"_"&tbl_CPI_Clean[[#This Row],[Year]]&"_"&tbl_CPI_Clean[[#This Row],[Month]] -> Rural+Urban_2013_December | AF37: =DATE(tbl_CPI_Clean[[#This Row],[Year]],MATCH(tbl_CPI_Clean[[#This Row],[Month]],{"January","February","March","April","May","June","July","August","September","October","November","December"},0),1) -> 41609
A38: Rural | B38: 2014 | C38: January | D38: 118.9 | E38: 117.1 | F38: 120.5 | G38: 114.4 | H38: 109 | I38: 115.5 | J38: 123.9 | K38: 109.6 | L38: 101.8 | M38: 110.2 | N38: 112.4 | O38: 117.3 | P38: 116 | Q38: 114 | R38: 116.5 | S38: 114.5 | T38: 116.2 | U38: NA | V38: 113 | W38: 112.6 | X38: 110.6 | Y38: 110.5 | Z38: 109.6 | AA38: 111.8 | AB38: 108.3 | AC38: 110.6 | AD38: 114.2 | AE38: =tbl_CPI_Clean[[#This Row],[Sector]]&"_"&tbl_CPI_Clean[[#This Row],[Year]]&"_"&tbl_CPI_Clean[[#This Row],[Month]] -> Rural_2014_January | AF38: =DATE(tbl_CPI_Clean[[#This Row],[Year]],MATCH(tbl_CPI_Clean[[#This Row],[Month]],{"January","February","March","April","May","June","July","August","September","October","November","December"},0),1) -> 41640
A39: Urban | B39: 2014 | C39: January | D39: 121.2 | E39: 122 | F39: 129.9 | G39: 113.6 | H39: 102.9 | I39: 112.1 | J39: 118.9 | K39: 107.5 | L39: 96.9 | M39: 112.7 | N39: 112.1 | O39: 119 | P39: 115.5 | Q39: 115.7 | R39: 114.8 | S39: 111.3 | T39: 114.3 | U39: 111.6 | V39: 111 | W39: 111.9 | X39: 109.7 | Y39: 110.8 | Z39: 109.8 | AA39: 111.5 | AB39: 108 | AC39: 110.5 | AD39: 112.9 | AE39: =tbl_CPI_Clean[[#This Row],[Sector]]&"_"&tbl_CPI_Clean[[#This Row],[Year]]&"_"&tbl_CPI_Clean[[#This Row],[Month]] -> Urban_2014_January | AF39: =DATE(tbl_CPI_Clean[[#This Row],[Year]],MATCH(tbl_CPI_Clean[[#This Row],[Month]],{"January","February","March","April","May","June","July","August","September","October","November","December"},0),1) -> 41640
A40: Rural+Urban | B40: 2014 | C40: January | D40: 119.6 | E40: 118.8 | F40: 124.1 | G40: 114.1 | H40: 106.8 | I40: 113.9 | J40: 122.2 | K40: 108.9 | L40: 100.2 | M40: 111 | N40: 112.3 | O40: 118.1 | P40: 115.8 | Q40: 114.5 | R40: 115.8 | S40: 113.2 | T40: 115.4 | U40: 111.6 | V40: 112.2 | W40: 112.3 | X40: 110.3 | Y40: 110.7 | Z40: 109.7 | AA40: 111.6 | AB40: 108.2 | AC40: 110.6 | AD40: 113.6 | AE40: =tbl_CPI_Clean[[#This Row],[Sector]]&"_"&tbl_CPI_Clean[[#This Row],[Year]]&"_"&tbl_CPI_Clean[[#This Row],[Month]] -> Rural+Urban_2014_January | AF40: =DATE(tbl_CPI_Clean[[#This Row],[Year]],MATCH(tbl_CPI_Clean[[#This Row],[Month]],{"January","February","March","April","May","June","July","August","September","October","November","December"},0),1) -> 41640
A41: Rural | B41: 2014 | C41: February | D41: 119.4 | E41: 117.7 | F41: 121.2 | G41: 115 | H41: 109 | I41: 116.6 | J41: 116 | K41: 109.8 | L41: 101.1 | M41: 110.4 | N41: 112.9 | O41: 117.8 | P41: 115.3 | Q41: 114.2 | R41: 117.1 | S41: 114.5 | T41: 116.7 | U41: NA | V41: 113.2 | W41: 112.9 | X41: 110.9 | Y41: 110.8 | Z41: 109.9 | AA41: 112 | AB41: 108.7 | AC41: 110.9 | AD41: 114 | AE41: =tbl_CPI_Clean[[#This Row],[Sector]]&"_"&tbl_CPI_Clean[[#This Row],[Year]]&"_"&tbl_CPI_Clean[[#This Row],[Month]] -> Rural_2014_February | AF41: =DATE(tbl_CPI_Clean[[#This Row],[Year]],MATCH(tbl_CPI_Clean[[#This Row],[Month]],{"January","February","March","April","May","June","July","August","September","October","November","December"},0),1) -> 41671
A42: Urban | B42: 2014 | C42: February | D42: 121.9 | E42: 122 | F42: 124.5 | G42: 115.2 | H42: 102.5 | I42: 114.1 | J42: 111.5 | K42: 108.2 | L42: 95.4 | M42: 113.5 | N42: 112.1 | O42: 119.9 | P42: 115.2 | Q42: 116.2 | R42: 115.3 | S42: 111.7 | T42: 114.7 | U42: 112.5 | V42: 111.1 | W42: 112.6 | X42: 110.4 | Y42: 111.3 | Z42: 110.3 | AA42: 111.6 | AB42: 108.7 | AC42: 111 | AD42: 113.1 | AE42: =tbl_CPI_Clean[[#This Row],[Sector]]&"_"&tbl_CPI_Clean[[#This Row],[Year]]&"_"&tbl_CPI_Clean[[#This Row],[Month]] -> Urban_2014_February | AF42: =DATE(tbl_CPI_Clean[[#This Row],[Year]],MATCH(tbl_CPI_Clean[[#This Row],[Month]],{"January","February","March","April","May","June","July","August","September","October","November","December"},0),1) -> 41671
A43: Rural+Urban | B43: 2014 | C43: February | D43: 120.2 | E43: 119.2 | F43: 122.5 | G43: 115.1 | H43: 106.6 | I43: 115.4 | J43: 114.5 | K43: 109.3 | L43: 99.2 | M43: 111.4 | N43: 112.6 | O43: 118.8 | P43: 115.3 | Q43: 114.7 | R43: 116.4 | S43: 113.3 | T43: 115.9 | U43: 112.5 | V43: 112.4 | W43: 112.8 | X43: 110.7 | Y43: 111.1 | Z43: 110.1 | AA43: 111.8 | AB43: 108.7 | AC43: 110.9 | AD43: 113.6 | AE43: =tbl_CPI_Clean[[#This Row],[Sector]]&"_"&tbl_CPI_Clean[[#This Row],[Year]]&"_"&tbl_CPI_Clean[[#This Row],[Month]] -> Rural+Urban_2014_February | AF43: =DATE(tbl_CPI_Clean[[#This Row],[Year]],MATCH(tbl_CPI_Clean[[#This Row],[Month]],{"January","February","March","April","May","June","July","August","September","October","November","December"},0),1) -> 41671
A44: Rural | B44: 2014 | C44: March | D44: 120.1 | E44: 118.1 | F44: 120.7 | G44: 116.1 | H44: 109.3 | I44: 119.6 | J44: 117.9 | K44: 110.2 | L44: 101.2 | M44: 110.7 | N44: 113 | O44: 118.3 | P44: 116.2 | Q44: 114.6 | R44: 117.5 | S44: 114.9 | T44: 117.2 | U44: NA | V44: 113.4 | W44: 113.4 | X44: 111.4 | Y44: 111.2 | Z44: 110.2 | AA44: 112.4 | AB44: 108.9 | AC44: 111.3 | AD44: 114.6 | AE44: =tbl_CPI_Clean[[#This Row],[Sector]]&"_"&tbl_CPI_Clean[[#This Row],[Year]]&"_"&tbl_CPI_Clean[[#This Row],[Month]] -> Rural_2014_March | AF44: =DATE(tbl_CPI_Clean[[#This Row],[Year]],MATCH(tbl_CPI_Clean[[#This Row],[Month]],{"January","February","March","April","May","June","July","August","September","October","November","December"},0),1) -> 41699
A45: Urban | B45: 2014 | C45: March | D45: 122.1 | E45: 121.4 | F45: 121.5 | G45: 116.2 | H45: 102.8 | I45: 117.7 | J45: 113.3 | K45: 108.9 | L45: 96.3 | M45: 114.1 | N45: 112.2 | O45: 120.5 | P45: 116 | Q45: 116.7 | R45: 115.8 | S45: 112.1 | T45: 115.2 | U45: 113.2 | V45: 110.9 | W45: 113 | X45: 110.8 | Y45: 111.6 | Z45: 110.9 | AA45: 111.8 | AB45: 109.2 | AC45: 111.4 | AD45: 113.7 | AE45: =tbl_CPI_Clean[[#This Row],[Sector]]&"_"&tbl_CPI_Clean[[#This Row],[Year]]&"_"&tbl_CPI_Clean[[#This Row],[Month]] -> Urban_2014_March | AF45: =DATE(tbl_CPI_Clean[[#This Row],[Year]],MATCH(tbl_CPI_Clean[[#This Row],[Month]],{"January","February","March","April","May","June","July","August","September","October","November","December"},0),1) -> 41699
A46: Rural+Urban | B46: 2014 | C46: March | D46: 120.7 | E46: 119.3 | F46: 121 | G46: 116.1 | H46: 106.9 | I46: 118.7 | J46: 116.3 | K46: 109.8 | L46: 99.6 | M46: 111.8 | N46: 112.7 | O46: 119.3 | P46: 116.1 | Q46: 115.2 | R46: 116.8 | S46: 113.7 | T46: 116.4 | U46: 113.2 | V46: 112.5 | W46: 113.2 | X46: 111.2 | Y46: 111.4 | Z46: 110.6 | AA46: 112 | AB46: 109 | AC46: 111.3 | AD46: 114.2 | AE46: =tbl_CPI_Clean[[#This Row],[Sector]]&"_"&tbl_CPI_Clean[[#This Row],[Year]]&"_"&tbl_CPI_Clean[[#This Row],[Month]] -> Rural+Urban_2014_March | AF46: =DATE(tbl_CPI_Clean[[#This Row],[Year]],MATCH(tbl_CPI_Clean[[#This Row],[Month]],{"January","February","March","April","May","June","July","August","September","October","November","December"},0),1) -> 41699
A47: Rural | B47: 2014 | C47: April | D47: 120.2 | E47: 118.9 | F47: 118.1 | G47: 117 | H47: 109.7 | I47: 125.5 | J47: 120.5 | K47: 111 | L47: 102.6 | M47: 111.2 | N47: 113.5 | O47: 118.7 | P47: 117.2 | Q47: 115.4 | R47: 118.1 | S47: 116.1 | T47: 117.8 | U47: NA | V47: 113.4 | W47: 113.7 | X47: 111.8 | Y47: 111.2 | Z47: 110.5 | AA47: 113 | AB47: 108.9 | AC47: 111.5 | AD47: 115.4 | AE47: =tbl_CPI_Clean[[#This Row],[Sector]]&"_"&tbl_CPI_Clean[[#This Row],[Year]]&"_"&tbl_CPI_Clean[[#This Row],[Month]] -> Rural_2014_April | AF47: =DATE(tbl_CPI_Clean[[#This Row],[Year]],MATCH(tbl_CPI_Clean[[#This Row],[Month]],{"January","February","March","April","May","June","July","August","September","October","November","December"},0),1) -> 41730
A48: Urban | B48: 2014 | C48: April | D48: 122.5 | E48: 121.7 | F48: 113.3 | G48: 117 | H48: 103.1 | I48: 126.7 | J48: 121.2 | K48: 111 | L48: 100.3 | M48: 115.3 | N48: 112.7 | O48: 121 | P48: 118.2 | Q48: 117.6 | R48: 116.3 | S48: 112.5 | T48: 115.7 | U48: 113.9 | V48: 110.9 | W48: 113.4 | X48: 111 | Y48: 111.2 | Z48: 111.2 | AA48: 112.5 | AB48: 109.1 | AC48: 111.4 | AD48: 114.7 | AE48: =tbl_CPI_Clean[[#This Row],[Sector]]&"_"&tbl_CPI_Clean[[#This Row],[Year]]&"_"&tbl_CPI_Clean[[#This Row],[Month]] -> Urban_2014_April | AF48: =DATE(tbl_CPI_Clean[[#This Row],[Year]],MATCH(tbl_CPI_Clean[[#This Row],[Month]],{"January","February","March","April","May","June","July","August","September","October","November","December"},0),1) -> 41730
A49: Rural+Urban | B49: 2014 | C49: April | D49: 120.9 | E49: 119.9 | F49: 116.2 | G49: 117 | H49: 107.3 | I49: 126.1 | J49: 120.7 | K49: 111 | L49: 101.8 | M49: 112.6 | N49: 113.2 | O49: 119.8 | P49: 117.6 | Q49: 116 | R49: 117.4 | S49: 114.6 | T49: 117 | U49: 113.9 | V49: 112.5 | W49: 113.6 | X49: 111.5 | Y49: 111.2 | Z49: 110.9 | AA49: 112.7 | AB49: 109 | AC49: 111.5 | AD49: 115.1 | AE49: =tbl_CPI_Clean[[#This Row],[Sector]]&"_"&tbl_CPI_Clean[[#This Row],[Year]]&"_"&tbl_CPI_Clean[[#This Row],[Month]] -> Rural+Urban_2014_April | AF49: =DATE(tbl_CPI_Clean[[#This Row],[Year]],MATCH(tbl_CPI_Clean[[#This Row],[Month]],{"January","February","March","April","May","June","July","August","September","October","November","December"},0),1) -> 41730
A50: Rural | B50: 2014 | C50: May | D50: 120.3 | E50: 120.2 | F50: 116.9 | G50: 118 | H50: 110.1 | I50: 126.3 | J50: 123.9 | K50: 111.5 | L50: 103.5 | M50: 111.6 | N50: 114.2 | O50: 119.2 | P50: 118.2 | Q50: 116.3 | R50: 118.7 | S50: 116.8 | T50: 118.5 | U50: NA | V50: 113.4 | W50: 114.1 | X50: 112.1 | Y50: 111.4 | Z50: 110.9 | AA50: 113.1 | AB50: 108.9 | AC50: 111.8 | AD50: 116 | AE50: =tbl_CPI_Clean[[#This Row],[Sector]]&"_"&tbl_CPI_Clean[[#This Row],[Year]]&"_"&tbl_CPI_Clean[[#This Row],[Month]] -> Rural_2014_May | AF50: =DATE(tbl_CPI_Clean[[#This Row],[Year]],MATCH(tbl_CPI_Clean[[#This Row],[Month]],{"January","February","March","April","May","June","July","August","September","October","November","December"},0),1) -> 41760
A51: Urban | B51: 2014 | C51: May | D51: 122.7 | E51: 124.1 | F51: 114.2 | G51: 119.1 | H51: 103.5 | I51: 129.2 | J51: 127 | K51: 112.6 | L51: 101.3 | M51: 117 | N51: 112.9 | O51: 121.7 | P51: 120 | Q51: 118.3 | R51: 116.8 | S51: 112.9 | T51: 116.2 | U51: 114.3 | V51: 111.1 | W51: 114.1 | X51: 111.2 | Y51: 111.3 | Z51: 111.5 | AA51: 112.9 | AB51: 109.3 | AC51: 111.7 | AD51: 115.6 | AE51: =tbl_CPI_Clean[[#This Row],[Sector]]&"_"&tbl_CPI_Clean[[#This Row],[Year]]&"_"&tbl_CPI_Clean[[#This Row],[Month]] -> Urban_2014_May | AF51: =DATE(tbl_CPI_Clean[[#This Row],[Year]],MATCH(tbl_CPI_Clean[[#This Row],[Month]],{"January","February","March","April","May","June","July","August","September","October","November","December"},0),1) -> 41760
A52: Rural+Urban | B52: 2014 | C52: May | D52: 121.1 | E52: 121.6 | F52: 115.9 | G52: 118.4 | H52: 107.7 | I52: 127.7 | J52: 125 | K52: 111.9 | L52: 102.8 | M52: 113.4 | N52: 113.7 | O52: 120.4 | P52: 118.9 | Q52: 116.8 | R52: 118 | S52: 115.2 | T52: 117.6 | U52: 114.3 | V52: 112.5 | W52: 114.1 | X52: 111.8 | Y52: 111.3 | Z52: 111.2 | AA52: 113 | AB52: 109.1 | AC52: 111.8 | AD52: 115.8 | AE52: =tbl_CPI_Clean[[#This Row],[Sector]]&"_"&tbl_CPI_Clean[[#This Row],[Year]]&"_"&tbl_CPI_Clean[[#This Row],[Month]] -> Rural+Urban_2014_May | AF52: =DATE(tbl_CPI_Clean[[#This Row],[Year]],MATCH(tbl_CPI_Clean[[#This Row],[Month]],{"January","February","March","April","May","June","July","August","September","October","November","December"},0),1) -> 41760
A53: Rural | B53: 2014 | C53: June | D53: 120.7 | E53: 121.6 | F53: 116.1 | G53: 119.3 | H53: 110.3 | I53: 125.8 | J53: 129.3 | K53: 112.2 | L53: 103.6 | M53: 112.3 | N53: 114.9 | O53: 120.1 | P53: 119.5 | Q53: 117.3 | R53: 119.7 | S53: 117.3 | T53: 119.3 | U53: NA | V53: 114.4 | W53: 114.9 | X53: 112.8 | Y53: 112.2 | Z53: 111.4 | AA53: 114.3 | AB53: 108 | AC53: 112.3 | AD53: 117 | AE53: =tbl_CPI_Clean[[#This Row],[Sector]]&"_"&tbl_CPI_Clean[[#This Row],[Year]]&"_"&tbl_CPI_Clean[[#This Row],[Month]] -> Rural_2014_June | AF53: =DATE(tbl_CPI_Clean[[#This Row],[Year]],MATCH(tbl_CPI_Clean[[#This Row],[Month]],{"January","February","March","April","May","June","July","August","September","October","November","December"},0),1) -> 41791
A54: Urban | B54: 2014 | C54: June | D54: 123.1 | E54: 125.9 | F54: 115.4 | G54: 120.4 | H54: 103.4 | I54: 131.2 | J54: 137.5 | K54: 112.8 | L54: 101.4 | M54: 118.3 | N54: 113.2 | O54: 122.4 | P54: 122 | Q54: 119 | R54: 117.4 | S54: 113.2 | T54: 116.7 | U54: 113.9 | V54: 111.2 | W54: 114.3 | X54: 111.4 | Y54: 111.5 | Z54: 111.8 | AA54: 115.1 | AB54: 108.7 | AC54: 112.2 | AD54: 116.4 | AE54: =tbl_CPI_Clean[[#This Row],[Sector]]&"_"&tbl_CPI_Clean[[#This Row],[Year]]&"_"&tbl_CPI_Clean[[#This Row],[Month]] -> Urban_2014_June | AF54: =DATE(tbl_CPI_Clean[[#This Row],[Year]],MATCH(tbl_CPI_Clean[[#This Row],[Month]],{"January","February","March","April","May","June","July","August","September","October","November","December"},0),1) -> 41791
A55: Rural+Urban | B55: 2014 | C55: June | D55: 121.5 | E55: 123.1 | F55: 115.8 | G55: 119.7 | H55: 107.8 | I55: 128.3 | J55: 132.1 | K55: 112.4 | L55: 102.9 | M55: 114.3 | N55: 114.2 | O55: 121.2 | P55: 120.4 | Q55: 117.8 | R55: 118.8 | S55: 115.6 | T55: 118.3 | U55: 113.9 | V55: 113.2 | W55: 114.6 | X55: 112.3 | Y55: 111.8 | Z55: 111.6 | AA55: 114.8 | AB55: 108.3 | AC55: 112.3 | AD55: 116.7 | AE55: =tbl_CPI_Clean[[#This Row],[Sector]]&"_"&tbl_CPI_Clean[[#This Row],[Year]]&"_"&tbl_CPI_Clean[[#This Row],[Month]] -> Rural+Urban_2014_June | AF55: =DATE(tbl_CPI_Clean[[#This Row],[Year]],MATCH(tbl_CPI_Clean[[#This Row],[Month]],{"January","February","March","April","May","June","July","August","September","October","November","December"},0),1) -> 41791
A56: Rural | B56: 2014 | C56: July | D56: 121.7 | E56: 122.5 | F56: 117.7 | G56: 120.6 | H56: 110.4 | I56: 129.1 | J56: 150.1 | K56: 113.2 | L56: 104.8 | M56: 113.3 | N56: 115.6 | O56: 120.9 | P56: 123.3 | Q56: 118 | R56: 120.7 | S56: 118.3 | T56: 120.3 | U56: NA | V56: 115.3 | W56: 115.4 | X56: 113.4 | Y56: 113.2 | Z56: 111.8 | AA56: 115.5 | AB56: 108.8 | AC56: 113.1 | AD56: 119.5 | AE56: =tbl_CPI_Clean[[#This Row],[Sector]]&"_"&tbl_CPI_Clean[[#This Row],[Year]]&"_"&tbl_CPI_Clean[[#This Row],[Month]] -> Rural_2014_July | AF56: =DATE(tbl_CPI_Clean[[#This Row],[Year]],MATCH(tbl_CPI_Clean[[#This Row],[Month]],{"January","February","March","April","May","June","July","August","September","October","November","December"},0),1) -> 41821
A57: Urban | B57: 2014 | C57: July | D57: 123.8 | E57: 126.4 | F57: 118 | G57: 121.6 | H57: 103.5 | I57: 133.7 | J57: 172.4 | K57: 113.1 | L57: 102.7 | M57: 120 | N57: 113.8 | O57: 123.4 | P57: 127.1 | Q57: 121 | R57: 118 | S57: 113.6 | T57: 117.4 | U57: 114.8 | V57: 111.6 | W57: 114.9 | X57: 111.5 | Y57: 113 | Z57: 112.4 | AA57: 117.8 | AB57: 109.7 | AC57: 113.5 | AD57: 118.9 | AE57: =tbl_CPI_Clean[[#This Row],[Sector]]&"_"&tbl_CPI_Clean[[#This Row],[Year]]&"_"&tbl_CPI_Clean[[#This Row],[Month]] -> Urban_2014_July | AF57: =DATE(tbl_CPI_Clean[[#This Row],[Year]],MATCH(tbl_CPI_Clean[[#This Row],[Month]],{"January","February","March","April","May","June","July","August","September","October","November","December"},0),1) -> 41821
A58: Rural+Urban | B58: 2014 | C58: July | D58: 122.4 | E58: 123.9 | F58: 117.8 | G58: 121 | H58: 107.9 | I58: 131.2 | J58: 157.7 | K58: 113.2 | L58: 104.1 | M58: 115.5 | N58: 114.8 | O58: 122.1 | P58: 124.7 | Q58: 118.8 | R58: 119.6 | S58: 116.3 | T58: 119.1 | U58: 114.8 | V58: 113.9 | W58: 115.2 | X58: 112.7 | Y58: 113.1 | Z58: 112.1 | AA58: 116.8 | AB58: 109.2 | AC58: 113.3 | AD58: 119.2 | AE58: =tbl_CPI_Clean[[#This Row],[Sector]]&"_"&tbl_CPI_Clean[[#This Row],[Year]]&"_"&tbl_CPI_Clean[[#This Row],[Month]] -> Rural+Urban_2014_July | AF58: =DATE(tbl_CPI_Clean[[#This Row],[Year]],MATCH(tbl_CPI_Clean[[#This Row],[Month]],{"January","February","March","April","May","June","July","August","September","October","November","December"},0),1) -> 41821
A59: Rural | B59: 2014 | C59: August | D59: 121.8 | E59: 122.8 | F59: 117.8 | G59: 121.9 | H59: 110.6 | I59: 129.7 | J59: 161.1 | K59: 114.1 | L59: 105.1 | M59: 114.6 | N59: 115.8 | O59: 121.7 | P59: 125.3 | Q59: 118.8 | R59: 120.9 | S59: 118.8 | T59: 120.7 | U59: NA | V59: 115.4 | W59: 115.9 | X59: 114 | Y59: 113.2 | Z59: 112.2 | AA59: 116.2 | AB59: 109.4 | AC59: 113.5 | AD59: 120.7 | AE59: =tbl_CPI_Clean[[#This Row],[Sector]]&"_"&tbl_CPI_Clean[[#This Row],[Year]]&"_"&tbl_CPI_Clean[[#This Row],[Month]] -> Rural_2014_August | AF59: =DATE(tbl_CPI_Clean[[#This Row],[Year]],MATCH(tbl_CPI_Clean[[#This Row],[Month]],{"January","February","March","April","May","June","July","August","September","October","November","December"},0),1) -> 41852
A60: Urban | B60: 2014 | C60: August | D60: 124.8 | E60: 127.3 | F60: 116.5 | G60: 122.2 | H60: 103.6 | I60: 132.7 | J60: 181.9 | K60: 115.2 | L60: 102.7 | M60: 122.1 | N60: 114.4 | O60: 124.7 | P60: 128.9 | Q60: 123 | R60: 118.6 | S60: 114.1 | T60: 117.9 | U60: 115.5 | V60: 111.8 | W60: 115.3 | X60: 112.2 | Y60: 112.5 | Z60: 112.9 | AA60: 119.2 | AB60: 110.5 | AC60: 113.9 | AD60: 119.9 | AE60: =tbl_CPI_Clean[[#This Row],[Sector]]&"_"&tbl_CPI_Clean[[#This Row],[Year]]&"_"&tbl_CPI_Clean[[#This Row],[Month]] -> Urban_2014_August | AF60: =DATE(tbl_CPI_Clean[[#This Row],[Year]],MATCH(tbl_CPI_Clean[[#This Row],[Month]],{"January","February","March","April","May","June","July","August","September","October","November","December"},0),1) -> 41852
A61: Rural+Urban | B61: 2014 | C61: August | D61: 122.7 | E61: 124.4 | F61: 117.3 | G61: 122 | H61: 108 | I61: 131.1 | J61: 168.2 | K61: 114.5 | L61: 104.3 | M61: 117.1 | N61: 115.2 | O61: 123.1 | P61: 126.6 | Q61: 119.9 | R61: 120 | S61: 116.8 | T61: 119.6 | U61: 115.5 | V61: 114 | W61: 115.6 | X61: 113.3 | Y61: 112.8 | Z61: 112.6 | AA61: 118 | AB61: 109.9 | AC61: 113.7 | AD61: 120.3 | AE61: =tbl_CPI_Clean[[#This Row],[Sector]]&"_"&tbl_CPI_Clean[[#This Row],[Year]]&"_"&tbl_CPI_Clean[[#This Row],[Month]] -> Rural+Urban_2014_August | AF61: =DATE(tbl_CPI_Clean[[#This Row],[Year]],MATCH(tbl_CPI_Clean[[#This Row],[Month]],{"January","February","March","April","May","June","July","August","September","October","November","December"},0),1) -> 41852
A62: Rural | B62: 2014 | C62: September | D62: 122.3 | E62: 122.4 | F62: 117.8 | G62: 122.7 | H62: 110.4 | I62: 129.8 | J62: 158.8 | K62: 115 | L62: 104.7 | M62: 114.9 | N62: 116.5 | O62: 122.6 | P62: 125.3 | Q62: 119.5 | R62: 121.7 | S62: 119.2 | T62: 121.3 | U62: NA | V62: 115.8 | W62: 116.7 | X62: 114.5 | Y62: 112.8 | Z62: 112.6 | AA62: 116.6 | AB62: 109.1 | AC62: 113.7 | AD62: 120.9 | AE62: =tbl_CPI_Clean[[#This Row],[Sector]]&"_"&tbl_CPI_Clean[[#This Row],[Year]]&"_"&tbl_CPI_Clean[[#This Row],[Month]] -> Rural_2014_September | AF62: =DATE(tbl_CPI_Clean[[#This Row],[Year]],MATCH(tbl_CPI_Clean[[#This Row],[Month]],{"January","February","March","April","May","June","July","August","September","October","November","December"},0),1) -> 41883
A63: Urban | B63: 2014 | C63: September | D63: 124.2 | E63: 125.4 | F63: 116.4 | G63: 122.7 | H63: 103.5 | I63: 124.5 | J63: 168.6 | K63: 116.9 | L63: 101.9 | M63: 122.9 | N63: 114.8 | O63: 125.2 | P63: 126.7 | Q63: 124.3 | R63: 119.2 | S63: 114.5 | T63: 118.4 | U63: 116.1 | V63: 111.8 | W63: 115.5 | X63: 112.3 | Y63: 111.2 | Z63: 113.4 | AA63: 120 | AB63: 110 | AC63: 113.6 | AD63: 119.2 | AE63: =tbl_CPI_Clean[[#This Row],[Sector]]&"_"&tbl_CPI_Clean[[#This Row],[Year]]&"_"&tbl_CPI_Clean[[#This Row],[Month]] -> Urban_2014_September | AF63: =DATE(tbl_CPI_Clean[[#This Row],[Year]],MATCH(tbl_CPI_Clean[[#This Row],[Month]],{"January","February","March","April","May","June","July","August","September","October","November","December"},0),1) -> 41883
A64: Rural+Urban | B64: 2014 | C64: September | D64: 122.9 | E64: 123.5 | F64: 117.3 | G64: 122.7 | H64: 107.9 | I64: 127.3 | J64: 162.1 | K64: 115.6 | L64: 103.8 | M64: 117.6 | N64: 115.8 | O64: 123.8 | P64: 125.8 | Q64: 120.8 | R64: 120.7 | S64: 117.2 | T64: 120.1 | U64: 116.1 | V64: 114.3 | W64: 116.1 | X64: 113.7 | Y64: 112 | Z64: 113.1 | AA64: 118.6 | AB64: 109.5 | AC64: 113.7 | AD64: 120.1 | AE64: =tbl_CPI_Clean[[#This Row],[Sector]]&"_"&tbl_CPI_Clean[[#This Row],[Year]]&"_"&tbl_CPI_Clean[[#This Row],[Month]] -> Rural+Urban_2014_September | AF64: =DATE(tbl_CPI_Clean[[#This Row],[Year]],MATCH(tbl_CPI_Clean[[#This Row],[Month]],{"January","February","March","April","May","June","July","August","September","October","November","December"},0),1) -> 41883
A65: Rural | B65: 2014 | C65: October | D65: 122.6 | E65: 122.5 | F65: 118.3 | G65: 123.2 | H65: 110.5 | I65: 128.9 | J65: 155.3 | K65: 115.5 | L65: 104 | M65: 115.3 | N65: 116.8 | O65: 123.2 | P65: 125.1 | Q65: 120 | R65: 122.7 | S65: 120.3 | T65: 122.3 | U65: NA | V65: 116.4 | W65: 117.5 | X65: 115.3 | Y65: 112.6 | Z65: 113 | AA65: 116.9 | AB65: 109.3 | AC65: 114 | AD65: 121 | AE65: =tbl_CPI_Clean[[#This Row],[Sector]]&"_"&tbl_CPI_Clean[[#This Row],[Year]]&"_"&tbl_CPI_Clean[[#This Row],[Month]] -> Rural_2014_October | AF65: =DATE(tbl_CPI_Clean[[#This Row],[Year]],MATCH(tbl_CPI_Clean[[#This Row],[Month]],{"January","February","March","April","May","June","July","August","September","October","November","December"},0),1) -> 41913
A66: Urban | B66: 2014 | C66: October | D66: 124.6 | E66: 126.1 | F66: 117.8 | G66: 123.1 | H66: 103.5 | I66: 123.5 | J66: 159.6 | K66: 117.4 | L66: 101.2 | M66: 123.8 | N66: 115.2 | O66: 125.9 | P66: 125.8 | Q66: 124.3 | R66: 119.6 | S66: 114.9 | T66: 118.9 | U66: 116.7 | V66: 112 | W66: 115.8 | X66: 112.6 | Y66: 111 | Z66: 113.6 | AA66: 120.2 | AB66: 110.1 | AC66: 113.7 | AD66: 119.1 | AE66: =tbl_CPI_Clean[[#This Row],[Sector]]&"_"&tbl_CPI_Clean[[#This Row],[Year]]&"_"&tbl_CPI_Clean[[#This Row],[Month]] -> Urban_2014_October | AF66: =DATE(tbl_CPI_Clean[[#This Row],[Year]],MATCH(tbl_CPI_Clean[[#This Row],[Month]],{"January","February","March","April","May","June","July","August","September","October","November","December"},0),1) -> 41913
A67: Rural+Urban | B67: 2014 | C67: October | D67: 123.2 | E67: 123.8 | F67: 118.1 | G67: 123.2 | H67: 107.9 | I67: 126.4 | J67: 156.8 | K67: 116.1 | L67: 103.1 | M67: 118.1 | N67: 116.1 | O67: 124.5 | P67: 125.4 | Q67: 121.1 | R67: 121.5 | S67: 118.1 | T67: 121 | U67: 116.7 | V67: 114.7 | W67: 116.7 | X67: 114.3 | Y67: 111.8 | Z67: 113.3 | AA67: 118.8 | AB67: 109.6 | AC67: 113.9 | AD67: 120.1 | AE67: =tbl_CPI_Clean[[#This Row],[Sector]]&"_"&tbl_CPI_Clean[[#This Row],[Year]]&"_"&tbl_CPI_Clean[[#This Row],[Month]] -> Rural+Urban_2014_October | AF67: =DATE(tbl_CPI_Clean[[#This Row],[Year]],MATCH(tbl_CPI_Clean[[#This Row],[Month]],{"January","February","March","April","May","June","July","August","September","October","November","December"},0),1) -> 41913
A68: Rural | B68: 2014 | C68: November | D68: 122.7 | E68: 122.6 | F68: 119.9 | G68: 124 | H68: 110.5 | I68: 128.8 | J68: 152 | K68: 116.2 | L68: 103.3 | M68: 115.8 | N68: 116.8 | O68: 124.5 | P68: 124.9 | Q68: 120.8 | R68: 123.3 | S68: 120.5 | T68: 122.9 | U68: NA | V68: 117.3 | W68: 118.1 | X68: 115.9 | Y68: 112 | Z68: 113.3 | AA68: 117.2 | AB68: 108.8 | AC68: 114.1 | AD68: 121.1 | AE68: =tbl_CPI_Clean[[#This Row],[Sector]]&"_"&tbl_CPI_Clean[[#This Row],[Year]]&"_"&tbl_CPI_Clean[[#This Row],[Month]] -> Rural_2014_November | AF68: =DATE(tbl_CPI_Clean[[#This Row],[Year]],MATCH(tbl_CPI_Clean[[#This Row],[Month]],{"January","February","March","April","May","June","July","August","September","October","November","December"},0),1) -> 41944
A69: Urban | B69: 2014 | C69: November | D69: 124.5 | E69: 125.6 | F69: 122.7 | G69: 124.6 | H69: 103.2 | I69: 122.2 | J69: 153.2 | K69: 119.3 | L69: 99.8 | M69: 124.6 | N69: 115.8 | O69: 126.9 | P69: 125.4 | Q69: 125.8 | R69: 120.3 | S69: 115.4 | T69: 119.5 | U69: 117.1 | V69: 112.6 | W69: 116.4 | X69: 113 | Y69: 109.7 | Z69: 114 | AA69: 120.3 | AB69: 109.6 | AC69: 113.4 | AD69: 119 | AE69: =tbl_CPI_Clean[[#This Row],[Sector]]&"_"&tbl_CPI_Clean[[#This Row],[Year]]&"_"&tbl_CPI_Clean[[#This Row],[Month]] -> Urban_2014_November | AF69: =DATE(tbl_CPI_Clean[[#This Row],[Year]],MATCH(tbl_CPI_Clean[[#This Row],[Month]],{"January","February","March","April","May","June","July","August","September","October","November","December"},0),1) -> 41944
A70: Rural+Urban | B70: 2014 | C70: November | D70: 123.3 | E70: 123.7 | F70: 121 | G70: 124.2 | H70: 107.8 | I70: 125.7 | J70: 152.4 | K70: 117.2 | L70: 102.1 | M70: 118.7 | N70: 116.4 | O70: 125.6 | P70: 125.1 | Q70: 122.1 | R70: 122.1 | S70: 118.4 | T70: 121.6 | U70: 117.1 | V70: 115.5 | W70: 117.3 | X70: 114.8 | Y70: 110.8 | Z70: 113.7 | AA70: 119 | AB70: 109.1 | AC70: 113.8 | AD70: 120.1 | AE70: =tbl_CPI_Clean[[#This Row],[Sector]]&"_"&tbl_CPI_Clean[[#This Row],[Year]]&"_"&tbl_CPI_Clean[[#This Row],[Month]] -> Rural+Urban_2014_November | AF70: =DATE(tbl_CPI_Clean[[#This Row],[Year]],MATCH(tbl_CPI_Clean[[#This Row],[Month]],{"January","February","March","April","May","June","July","August","September","October","November","December"},0),1) -> 41944
A71: Rural | B71: 2014 | C71: December | D71: 122.4 | E71: 122.4 | F71: 121.8 | G71: 124.2 | H71: 110.2 | I71: 128.6 | J71: 140.3 | K71: 116.3 | L71: 102 | M71: 116 | N71: 117.3 | O71: 124.8 | P71: 123.3 | Q71: 121.7 | R71: 123.8 | S71: 120.6 | T71: 123.3 | U71: NA | V71: 117.4 | W71: 118.2 | X71: 116.2 | Y71: 111.5 | Z71: 113.3 | AA71: 117.7 | AB71: 109.4 | AC71: 114.2 | AD71: 120.3 | AE71: =tbl_CPI_Clean[[#This Row],[Sector]]&"_"&tbl_CPI_Clean[[#This Row],[Year]]&"_"&tbl_CPI_Clean[[#This Row],[Month]] -> Rural_2014_December | AF71: =DATE(tbl_CPI_Clean[[#This Row],[Year]],MATCH(tbl_CPI_Clean[[#This Row],[Month]],{"January","February","March","April","May","June","July","August","September","October","November","December"},0),1) -> 41974
A72: Urban | B72: 2014 | C72: December | D72: 124 | E72: 124.7 | F72: 126.3 | G72: 124.9 | H72: 103 | I72: 122.3 | J72: 141 | K72: 120.1 | L72: 97.8 | M72: 125.4 | N72: 116.1 | O72: 127.6 | P72: 124 | Q72: 126.4 | R72: 120.7 | S72: 115.8 | T72: 120 | U72: 116.5 | V72: 113 | W72: 116.8 | X72: 113.2 | Y72: 108.8 | Z72: 114.3 | AA72: 120.7 | AB72: 110.4 | AC72: 113.4 | AD72: 118.4 | AE72: =tbl_CPI_Clean[[#This Row],[Sector]]&"_"&tbl_CPI_Clean[[#This Row],[Year]]&"_"&tbl_CPI_Clean[[#This Row],[Month]] -> Urban_2014_December | AF72: =DATE(tbl_CPI_Clean[[#This Row],[Year]],MATCH(tbl_CPI_Clean[[#This Row],[Month]],{"January","February","March","April","May","June","July","August","September","October","November","December"},0),1) -> 41974
A73: Rural+Urban | B73: 2014 | C73: December | D73: 122.9 | E73: 123.2 | F73: 123.5 | G73: 124.5 | H73: 107.6 | I73: 125.7 | J73: 140.5 | K73: 117.6 | L73: 100.6 | M73: 119.1 | N73: 116.8 | O73: 126.1 | P73: 123.6 | Q73: 123 | R73: 122.6 | S73: 118.6 | T73: 122 | U73: 116.5 | V73: 115.7 | W73: 117.5 | X73: 115.1 | Y73: 110.1 | Z73: 113.9 | AA73: 119.5 | AB73: 109.8 | AC73: 113.8 | AD73: 119.4 | AE73: =tbl_CPI_Clean[[#This Row],[Sector]]&"_"&tbl_CPI_Clean[[#This Row],[Year]]&"_"&tbl_CPI_Clean[[#This Row],[Month]] -> Rural+Urban_2014_December | AF73: =DATE(tbl_CPI_Clean[[#This Row],[Year]],MATCH(tbl_CPI_Clean[[#This Row],[Month]],{"January","February","March","April","May","June","July","August","September","October","November","December"},0),1) -> 41974
A74: Rural | B74: 2015 | C74: January | D74: 123.1 | E74: 123.1 | F74: 122.1 | G74: 124.9 | H74: 111 | I74: 130.4 | J74: 132.3 | K74: 117.2 | L74: 100.5 | M74: 117.2 | N74: 117.9 | O74: 125.6 | P74: 122.8 | Q74: 122.7 | R74: 124.4 | S74: 121.6 | T74: 124 | U74: NA | V74: 118.4 | W74: 118.9 | X74: 116.6 | Y74: 111 | Z74: 114 | AA74: 118.2 | AB74: 110.2 | AC74: 114.5 | AD74: 120.3 | AE74: =tbl_CPI_Clean[[#This Row],[Sector]]&"_"&tbl_CPI_Clean[[#This Row],[Year]]&"_"&tbl_CPI_Clean[[#This Row],[Month]] -> Rural_2015_January | AF74: =DATE(tbl_CPI_Clean[[#This Row],[Year]],MATCH(tbl_CPI_Clean[[#This Row],[Month]],{"January","February","March","April","May","June","July","August","September","October","November","December"},0),1) -> 42005
A75: Urban | B75: 2015 | C75: January | D75: 124 | E75: 125.5 | F75: 126.6 | G75: 125.2 | H75: 104.3 | I75: 121.3 | J75: 134.4 | K75: 122.9 | L75: 96.1 | M75: 126.6 | N75: 116.5 | O75: 128 | P75: 123.5 | Q75: 127.4 | R75: 121 | S75: 116.1 | T75: 120.2 | U75: 117.3 | V75: 113.4 | W75: 117.2 | X75: 113.7 | Y75: 107.9 | Z75: 114.6 | AA75: 120.8 | AB75: 111.4 | AC75: 113.4 | AD75: 118.5 | AE75: =tbl_CPI_Clean[[#This Row],[Sector]]&"_"&tbl_CPI_Clean[[#This Row],[Year]]&"_"&tbl_CPI_Clean[[#This Row],[Month]] -> Urban_2015_January | AF75: =DATE(tbl_CPI_Clean[[#This Row],[Year]],MATCH(tbl_CPI_Clean[[#This Row],[Month]],{"January","February","March","April","May","June","July","August","September","October","November","December"},0),1) -> 42005
A76: Rural+Urban | B76: 2015 | C76: January | D76: 123.4 | E76: 123.9 | F76: 123.8 | G76: 125 | H76: 108.5 | I76: 126.2 | J76: 133 | K76: 119.1 | L76: 99 | M76: 120.3 | N76: 117.3 | O76: 126.7 | P76: 123.1 | Q76: 124 | R76: 123.1 | S76: 119.3 | T76: 122.5 | U76: 117.3 | V76: 116.5 | W76: 118.1 | X76: 115.5 | Y76: 109.4 | Z76: 114.3 | AA76: 119.7 | AB76: 110.7 | AC76: 114 | AD76: 119.5 | AE76: =tbl_CPI_Clean[[#This Row],[Sector]]&"_"&tbl_CPI_Clean[[#This Row],[Year]]&"_"&tbl_CPI_Clean[[#This Row],[Month]] -> Rural+Urban_2015_January | AF76: =DATE(tbl_CPI_Clean[[#This Row],[Year]],MATCH(tbl_CPI_Clean[[#This Row],[Month]],{"January","February","March","April","May","June","July","August","September","October","November","December"},0),1) -> 42005
A77: Rural | B77: 2015 | C77: February | D77: 123.4 | E77: 124.4 | F77: 122.1 | G77: 125.8 | H77: 111.5 | I77: 129.4 | J77: 128.2 | K77: 118.8 | L77: 100 | M77: 118.6 | N77: 118.8 | O77: 126.8 | P77: 122.8 | Q77: 124.2 | R77: 125.4 | S77: 122.7 | T77: 125 | U77: NA | V77: 120 | W77: 119.6 | X77: 117.7 | Y77: 110.9 | Z77: 114.8 | AA77: 118.7 | AB77: 110.8 | AC77: 115 | AD77: 120.6 | AE77: =tbl_CPI_Clean[[#This Row],[Sector]]&"_"&tbl_CPI_Clean[[#This Row],[Year]]&"_"&tbl_CPI_Clean[[#This Row],[Month]] -> Rural_2015_February | AF77: =DATE(tbl_CPI_Clean[[#This Row],[Year]],MATCH(tbl_CPI_Clean[[#This Row],[Month]],{"January","February","March","April","May","June","July","August","September","October","November","December"},0),1) -> 42036
A78: Urban | B78: 2015 | C78: February | D78: 124.3 | E78: 126.5 | F78: 119.5 | G78: 125.6 | H78: 104.9 | I78: 121.6 | J78: 131.8 | K78: 125.1 | L78: 95 | M78: 127.7 | N78: 116.8 | O78: 128.6 | P78: 123.7 | Q78: 128.1 | R78: 121.3 | S78: 116.5 | T78: 120.6 | U78: 118.1 | V78: 114 | W78: 117.7 | X78: 114.1 | Y78: 106.8 | Z78: 114.9 | AA78: 120.4 | AB78: 111.7 | AC78: 113.2 | AD78: 118.7 | AE78: =tbl_CPI_Clean[[#This Row],[Sector]]&"_"&tbl_CPI_Clean[[#This Row],[Year]]&"_"&tbl_CPI_Clean[[#This Row],[Month]] -> Urban_2015_February | AF78: =DATE(tbl_CPI_Clean[[#This Row],[Year]],MATCH(tbl_CPI_Clean[[#This Row],[Month]],{"January","February","March","April","May","June","July","August","September","October","November","December"},0),1) -> 42036
A79: Rural+Urban | B79: 2015 | C79: February | D79: 123.7 | E79: 125.1 | F79: 121.1 | G79: 125.7 | H79: 109.1 | I79: 125.8 | J79: 129.4 | K79: 120.9 | L79: 98.3 | M79: 121.6 | N79: 118 | O79: 127.6 | P79: 123.1 | Q79: 125.2 | R79: 123.8 | S79: 120.1 | T79: 123.3 | U79: 118.1 | V79: 117.7 | W79: 118.7 | X79: 116.3 | Y79: 108.7 | Z79: 114.9 | AA79: 119.7 | AB79: 111.2 | AC79: 114.1 | AD79: 119.7 | AE79: =tbl_CPI_Clean[[#This Row],[Sector]]&"_"&tbl_CPI_Clean[[#This Row],[Year]]&"_"&tbl_CPI_Clean[[#This Row],[Month]] -> Rural+Urban_2015_February | AF79: =DATE(tbl_CPI_Clean[[#This Row],[Year]],MATCH(tbl_CPI_Clean[[#This Row],[Month]],{"January","February","March","April","May","June","July","August","September","October","November","December"},0),1) -> 42036
A80: Rural | B80: 2015 | C80: March | D80: 123.3 | E80: 124.7 | F80: 118.9 | G80: 126 | H80: 111.8 | I80: 130.9 | J80: 128 | K80: 119.9 | L80: 98.9 | M80: 119.4 | N80: 118.9 | O80: 127.7 | P80: 123.1 | Q80: 124.7 | R80: 126 | S80: 122.9 | T80: 125.5 | U80: NA | V80: 120.6 | W80: 120.2 | X80: 118.2 | Y80: 111.6 | Z80: 115.5 | AA80: 119.4 | AB80: 110.8 | AC80: 115.5 | AD80: 121.1 | AE80: =tbl_CPI_Clean[[#This Row],[Sector]]&"_"&tbl_CPI_Clean[[#This Row],[Year]]&"_"&tbl_CPI_Clean[[#This Row],[Month]] -> Rural_2015_March | AF80: =DATE(tbl_CPI_Clean[[#This Row],[Year]],MATCH(tbl_CPI_Clean[[#This Row],[Month]],{"January","February","March","April","May","June","July","August","September","October","November","December"},0),1) -> 42064
A81: Urban | B81: 2015 | C81: March | D81: 124 | E81: 126.7 | F81: 113.5 | G81: 125.9 | H81: 104.8 | I81: 123.8 | J81: 131.4 | K81: 127.2 | L81: 93.2 | M81: 127.4 | N81: 117 | O81: 129.2 | P81: 123.9 | Q81: 128.8 | R81: 121.7 | S81: 116.9 | T81: 120.9 | U81: 118.6 | V81: 114.4 | W81: 118 | X81: 114.3 | Y81: 108.4 | Z81: 115.4 | AA81: 120.6 | AB81: 111.3 | AC81: 113.8 | AD81: 119.1 | AE81: =tbl_CPI_Clean[[#This Row],[Sector]]&"_"&tbl_CPI_Clean[[#This Row],[Year]]&"_"&tbl_CPI_Clean[[#This Row],[Month]] -> Urban_2015_March | AF81: =DATE(tbl_CPI_Clean[[#This Row],[Year]],MATCH(tbl_CPI_Clean[[#This Row],[Month]],{"January","February","March","April","May","June","July","August","September","October","November","December"},0),1) -> 42064
A82: Rural+Urban | B82: 2015 | C82: March | D82: 123.5 | E82: 125.4 | F82: 116.8 | G82: 126 | H82: 109.2 | I82: 127.6 | J82: 129.2 | K82: 122.4 | L82: 97 | M82: 122.1 | N82: 118.1 | O82: 128.4 | P82: 123.4 | Q82: 125.8 | R82: 124.3 | S82: 120.4 | T82: 123.7 | U82: 118.6 | V82: 118.3 | W82: 119.2 | X82: 116.7 | Y82: 109.9 | Z82: 115.4 | AA82: 120.1 | AB82: 111 | AC82: 114.7 | AD82: 120.2 | AE82: =tbl_CPI_Clean[[#This Row],[Sector]]&"_"&tbl_CPI_Clean[[#This Row],[Year]]&"_"&tbl_CPI_Clean[[#This Row],[Month]] -> Rural+Urban_2015_March | AF82: =DATE(tbl_CPI_Clean[[#This Row],[Year]],MATCH(tbl_CPI_Clean[[#This Row],[Month]],{"January","February","March","April","May","June","July","August","September","October","November","December"},0),1) -> 42064
A83: Rural | B83: 2015 | C83: April | D83: 123.3 | E83: 125.5 | F83: 117.2 | G83: 126.8 | H83: 111.9 | I83: 134.2 | J83: 127.5 | K83: 121.5 | L83: 97.8 | M83: 119.8 | N83: 119.4 | O83: 128.7 | P83: 123.6 | Q83: 125.7 | R83: 126.4 | S83: 123.3 | T83: 126 | U83: NA | V83: 121.2 | W83: 120.9 | X83: 118.6 | Y83: 111.9 | Z83: 116.2 | AA83: 119.9 | AB83: 111.6 | AC83: 116 | AD83: 121.5 | AE83: =tbl_CPI_Clean[[#This Row],[Sector]]&"_"&tbl_CPI_Clean[[#This Row],[Year]]&"_"&tbl_CPI_Clean[[#This Row],[Month]] -> Rural_2015_April | AF83: =DATE(tbl_CPI_Clean[[#This Row],[Year]],MATCH(tbl_CPI_Clean[[#This Row],[Month]],{"January","February","March","April","May","June","July","August","September","October","November","December"},0),1) -> 42095
A84: Urban | B84: 2015 | C84: April | D84: 123.8 | E84: 128.2 | F84: 110 | G84: 126.3 | H84: 104.5 | I84: 130.6 | J84: 130.8 | K84: 131.3 | L84: 91.6 | M84: 127.7 | N84: 117.2 | O84: 129.5 | P84: 124.6 | Q84: 130.1 | R84: 122.1 | S84: 117.2 | T84: 121.3 | U84: 119.2 | V84: 114.7 | W84: 118.4 | X84: 114.6 | Y84: 108.4 | Z84: 115.6 | AA84: 121.7 | AB84: 111.8 | AC84: 114.2 | AD84: 119.7 | AE84: =tbl_CPI_Clean[[#This Row],[Sector]]&"_"&tbl_CPI_Clean[[#This Row],[Year]]&"_"&tbl_CPI_Clean[[#This Row],[Month]] -> Urban_2015_April | AF84: =DATE(tbl_CPI_Clean[[#This Row],[Year]],MATCH(tbl_CPI_Clean[[#This Row],[Month]],{"January","February","March","April","May","June","July","August","September","October","November","December"},0),1) -> 42095
A85: Rural+Urban | B85: 2015 | C85: April | D85: 123.5 | E85: 126.4 | F85: 114.4 | G85: 126.6 | H85: 109.2 | I85: 132.5 | J85: 128.6 | K85: 124.8 | L85: 95.7 | M85: 122.4 | N85: 118.5 | O85: 129.1 | P85: 124 | Q85: 126.9 | R85: 124.7 | S85: 120.8 | T85: 124.1 | U85: 119.2 | V85: 118.7 | W85: 119.7 | X85: 117.1 | Y85: 110.1 | Z85: 115.9 | AA85: 121 | AB85: 111.7 | AC85: 115.1 | AD85: 120.7 | AE85: =tbl_CPI_Clean[[#This Row],[Sector]]&"_"&tbl_CPI_Clean[[#This Row],[Year]]&"_"&tbl_CPI_Clean[[#This Row],[Month]] -> Rural+Urban_2015_April | AF85: =DATE(tbl_CPI_Clean[[#This Row],[Year]],MATCH(tbl_CPI_Clean[[#This Row],[Month]],{"January","February","March","April","May","June","July","August","September","October","November","December"},0),1) -> 42095
A86: Rural | B86: 2015 | C86: May | D86: 123.5 | E86: 127.1 | F86: 117.3 | G86: 127.7 | H86: 112.5 | I86: 134.1 | J86: 128.5 | K86: 124.3 | L86: 97.6 | M86: 120.7 | N86: 120.2 | O86: 129.8 | P86: 124.4 | Q86: 126.7 | R86: 127.3 | S86: 124.1 | T86: 126.8 | U86: NA | V86: 121.9 | W86: 121.5 | X86: 119.4 | Y86: 113.3 | Z86: 116.7 | AA86: 120.5 | AB86: 112.3 | AC86: 116.9 | AD86: 122.4 | AE86: =tbl_CPI_Clean[[#This Row],[Sector]]&"_"&tbl_CPI_Clean[[#This Row],[Year]]&"_"&tbl_CPI_Clean[[#This Row],[Month]] -> Rural_2015_May | AF86: =DATE(tbl_CPI_Clean[[#This Row],[Year]],MATCH(tbl_CPI_Clean[[#This Row],[Month]],{"January","February","March","April","May","June","July","August","September","October","November","December"},0),1) -> 42125
A87: Urban | B87: 2015 | C87: May | D87: 123.8 | E87: 129.7 | F87: 111.3 | G87: 126.6 | H87: 105.2 | I87: 130.8 | J87: 135.6 | K87: 142.6 | L87: 90.8 | M87: 128.8 | N87: 117.7 | O87: 129.9 | P87: 126.1 | Q87: 131.3 | R87: 122.4 | S87: 117.4 | T87: 121.6 | U87: 119.6 | V87: 114.9 | W87: 118.7 | X87: 114.9 | Y87: 110.8 | Z87: 116 | AA87: 122 | AB87: 112.4 | AC87: 115.2 | AD87: 120.7 | AE87: =tbl_CPI_Clean[[#This Row],[Sector]]&"_"&tbl_CPI_Clean[[#This Row],[Year]]&"_"&tbl_CPI_Clean[[#This Row],[Month]] -> Urban_2015_May | AF87: =DATE(tbl_CPI_Clean[[#This Row],[Year]],MATCH(tbl_CPI_Clean[[#This Row],[Month]],{"January","February","March","April","May","June","July","August","September","October","November","December"},0),1) -> 42125
A88: Rural+Urban | B88: 2015 | C88: May | D88: 123.6 | E88: 128 | F88: 115 | G88: 127.3 | H88: 109.8 | I88: 132.6 | J88: 130.9 | K88: 130.5 | L88: 95.3 | M88: 123.4 | N88: 119.2 | O88: 129.8 | P88: 125 | Q88: 127.9 | R88: 125.4 | S88: 121.3 | T88: 124.7 | U88: 119.6 | V88: 119.2 | W88: 120.2 | X88: 117.7 | Y88: 112 | Z88: 116.3 | AA88: 121.4 | AB88: 112.3 | AC88: 116.1 | AD88: 121.6 | AE88: =tbl_CPI_Clean[[#This Row],[Sector]]&"_"&tbl_CPI_Clean[[#This Row],[Year]]&"_"&tbl_CPI_Clean[[#This Row],[Month]] -> Rural+Urban_2015_May | AF88: =DATE(tbl_CPI_Clean[[#This Row],[Year]],MATCH(tbl_CPI_Clean[[#This Row],[Month]],{"January","February","March","April","May","June","July","August","September","October","November","December"},0),1) -> 42125
A89: Rural | B89: 2015 | C89: June | D89: 124.1 | E89: 130.4 | F89: 122.1 | G89: 128.7 | H89: 114.1 | I89: 133.2 | J89: 135.2 | K89: 131.9 | L89: 96.3 | M89: 123 | N89: 121.1 | O89: 131.2 | P89: 126.6 | Q89: 128.2 | R89: 128.4 | S89: 125.1 | T89: 128 | U89: NA | V89: 122.6 | W89: 122.8 | X89: 120.4 | Y89: 114.2 | Z89: 117.9 | AA89: 122 | AB89: 113 | AC89: 117.9 | AD89: 124.1 | AE89: =tbl_CPI_Clean[[#This Row],[Sector]]&"_"&tbl_CPI_Clean[[#This Row],[Year]]&"_"&tbl_CPI_Clean[[#This Row],[Month]] -> Rural_2015_June | AF89: =DATE(tbl_CPI_Clean[[#This Row],[Year]],MATCH(tbl_CPI_Clean[[#This Row],[Month]],{"January","February","March","April","May","June","July","August","September","October","November","December"},0),1) -> 42156
A90: Urban | B90: 2015 | C90: June | D90: 123.6 | E90: 134.4 | F90: 120.9 | G90: 127.3 | H90: 106 | I90: 132.3 | J90: 146.7 | K90: 148.1 | L90: 89.8 | M90: 130.5 | N90: 118 | O90: 130.5 | P90: 128.5 | Q90: 132.1 | R90: 123.2 | S90: 117.6 | T90: 122.3 | U90: 119 | V90: 115.1 | W90: 119.2 | X90: 115.4 | Y90: 111.7 | Z90: 116.2 | AA90: 123.8 | AB90: 112.5 | AC90: 116 | AD90: 121.7 | AE90: =tbl_CPI_Clean[[#This Row],[Sector]]&"_"&tbl_CPI_Clean[[#This Row],[Year]]&"_"&tbl_CPI_Clean[[#This Row],[Month]] -> Urban_2015_June | AF90: =DATE(tbl_CPI_Clean[[#This Row],[Year]],MATCH(tbl_CPI_Clean[[#This Row],[Month]],{"January","February","March","April","May","June","July","August","September","October","November","December"},0),1) -> 42156
A91: Rural+Urban | B91: 2015 | C91: June | D91: 123.9 | E91: 131.8 | F91: 121.6 | G91: 128.2 | H91: 111.1 | I91: 132.8 | J91: 139.1 | K91: 137.4 | L91: 94.1 | M91: 125.5 | N91: 119.8 | O91: 130.9 | P91: 127.3 | Q91: 129.2 | R91: 126.4 | S91: 122 | T91: 125.7 | U91: 119 | V91: 119.8 | W91: 121.1 | X91: 118.5 | Y91: 112.9 | Z91: 116.9 | AA91: 123.1 | AB91: 112.8 | AC91: 117 | AD91: 123 | AE91: =tbl_CPI_Clean[[#This Row],[Sector]]&"_"&tbl_CPI_Clean[[#This Row],[Year]]&"_"&tbl_CPI_Clean[[#This Row],[Month]] -> Rural+Urban_2015_June | AF91: =DATE(tbl_CPI_Clean[[#This Row],[Year]],MATCH(tbl_CPI_Clean[[#This Row],[Month]],{"January","February","March","April","May","June","July","August","September","October","November","December"},0),1) -> 42156
A92: Rural | B92: 2015 | C92: July | D92: 124 | E92: 131.5 | F92: 122 | G92: 128.7 | H92: 113.5 | I92: 133.3 | J92: 140.8 | K92: 133.8 | L92: 94.1 | M92: 123.4 | N92: 121 | O92: 131.7 | P92: 127.5 | Q92: 129.4 | R92: 128.8 | S92: 125.5 | T92: 128.3 | U92: NA | V92: 123 | W92: 123 | X92: 120.8 | Y92: 114.1 | Z92: 118 | AA92: 122.9 | AB92: 112.7 | AC92: 118.1 | AD92: 124.7 | AE92: =tbl_CPI_Clean[[#This Row],[Sector]]&"_"&tbl_CPI_Clean[[#This Row],[Year]]&"_"&tbl_CPI_Clean[[#This Row],[Month]] -> Rural_2015_July | AF92: =DATE(tbl_CPI_Clean[[#This Row],[Year]],MATCH(tbl_CPI_Clean[[#This Row],[Month]],{"January","February","March","April","May","June","July","August","September","October","November","December"},0),1) -> 42186
A93: Urban | B93: 2015 | C93: July | D93: 123.2 | E93: 134.3 | F93: 119.5 | G93: 127.7 | H93: 106.3 | I93: 132.8 | J93: 153.5 | K93: 149.5 | L93: 85.7 | M93: 131.5 | N93: 118.3 | O93: 131.1 | P93: 129.5 | Q93: 133.1 | R93: 123.5 | S93: 117.9 | T93: 122.7 | U93: 119.9 | V93: 115.3 | W93: 119.5 | X93: 116 | Y93: 111.5 | Z93: 116.6 | AA93: 125.4 | AB93: 111.7 | AC93: 116.3 | AD93: 122.4 | AE93: =tbl_CPI_Clean[[#This Row],[Sector]]&"_"&tbl_CPI_Clean[[#This Row],[Year]]&"_"&tbl_CPI_Clean[[#This Row],[Month]] -> Urban_2015_July | AF93: =DATE(tbl_CPI_Clean[[#This Row],[Year]],MATCH(tbl_CPI_Clean[[#This Row],[Month]],{"January","February","March","April","May","June","July","August","September","October","November","December"},0),1) -> 42186
A94: Rural+Urban | B94: 2015 | C94: July | D94: 123.7 | E94: 132.5 | F94: 121 | G94: 128.3 | H94: 110.9 | I94: 133.1 | J94: 145.1 | K94: 139.1 | L94: 91.3 | M94: 126.1 | N94: 119.9 | O94: 131.4 | P94: 128.2 | Q94: 130.4 | R94: 126.7 | S94: 122.3 | T94: 126.1 | U94: 119.9 | V94: 120.1 | W94: 121.3 | X94: 119 | Y94: 112.7 | Z94: 117.2 | AA94: 124.4 | AB94: 112.3 | AC94: 117.2 | AD94: 123.6 | AE94: =tbl_CPI_Clean[[#This Row],[Sector]]&"_"&tbl_CPI_Clean[[#This Row],[Year]]&"_"&tbl_CPI_Clean[[#This Row],[Month]] -> Rural+Urban_2015_July | AF94: =DATE(tbl_CPI_Clean[[#This Row],[Year]],MATCH(tbl_CPI_Clean[[#This Row],[Month]],{"January","February","March","April","May","June","July","August","September","October","November","December"},0),1) -> 42186
A95: Rural | B95: 2015 | C95: August | D95: 124.7 | E95: 131.3 | F95: 121.3 | G95: 128.8 | H95: 114 | I95: 134.2 | J95: 153.6 | K95: 137.9 | L95: 93.1 | M95: 123.9 | N95: 121.5 | O95: 132.5 | P95: 129.8 | Q95: 130.1 | R95: 129.5 | S95: 126.3 | T95: 129 | U95: NA | V95: 123.8 | W95: 123.7 | X95: 121.1 | Y95: 113.6 | Z95: 118.5 | AA95: 123.6 | AB95: 112.5 | AC95: 118.2 | AD95: 126.1 | AE95: =tbl_CPI_Clean[[#This Row],[Sector]]&"_"&tbl_CPI_Clean[[#This Row],[Year]]&"_"&tbl_CPI_Clean[[#This Row],[Month]] -> Rural_2015_August | AF95: =DATE(tbl_CPI_Clean[[#This Row],[Year]],MATCH(tbl_CPI_Clean[[#This Row],[Month]],{"January","February","March","April","May","June","July","August","September","October","November","December"},0),1) -> 42217
A96: Urban | B96: 2015 | C96: August | D96: 123.1 | E96: 131.7 | F96: 118.1 | G96: 128 | H96: 106.8 | I96: 130.1 | J96: 165.5 | K96: 156 | L96: 85.3 | M96: 132.7 | N96: 118.8 | O96: 131.7 | P96: 131.1 | Q96: 134.2 | R96: 123.7 | S96: 118.2 | T96: 122.9 | U96: 120.9 | V96: 115.3 | W96: 120 | X96: 116.6 | Y96: 109.9 | Z96: 117.2 | AA96: 126.2 | AB96: 112 | AC96: 116.2 | AD96: 123.2 | AE96: =tbl_CPI_Clean[[#This Row],[Sector]]&"_"&tbl_CPI_Clean[[#This Row],[Year]]&"_"&tbl_CPI_Clean[[#This Row],[Month]] -> Urban_2015_August | AF96: =DATE(tbl_CPI_Clean[[#This Row],[Year]],MATCH(tbl_CPI_Clean[[#This Row],[Month]],{"January","February","March","April","May","June","July","August","September","October","November","December"},0),1) -> 42217
A97: Rural+Urban | B97: 2015 | C97: August | D97: 124.2 | E97: 131.4 | F97: 120.1 | G97: 128.5 | H97: 111.4 | I97: 132.3 | J97: 157.6 | K97: 144 | L97: 90.5 | M97: 126.8 | N97: 120.4 | O97: 132.1 | P97: 130.3 | Q97: 131.2 | R97: 127.2 | S97: 122.9 | T97: 126.6 | U97: 120.9 | V97: 120.6 | W97: 122 | X97: 119.4 | Y97: 111.7 | Z97: 117.8 | AA97: 125.1 | AB97: 112.3 | AC97: 117.2 | AD97: 124.8 | AE97: =tbl_CPI_Clean[[#This Row],[Sector]]&"_"&tbl_CPI_Clean[[#This Row],[Year]]&"_"&tbl_CPI_Clean[[#This Row],[Month]] -> Rural+Urban_2015_August | AF97: =DATE(tbl_CPI_Clean[[#This Row],[Year]],MATCH(tbl_CPI_Clean[[#This Row],[Month]],{"January","February","March","April","May","June","July","August","September","October","November","December"},0),1) -> 42217
A98: Rural | B98: 2015 | C98: September | D98: 125.1 | E98: 131.1 | F98: 120.7 | G98: 129.2 | H98: 114.7 | I98: 132.3 | J98: 158.9 | K98: 142.1 | L98: 92.5 | M98: 125.4 | N98: 121.9 | O98: 132.7 | P98: 131 | Q98: 131 | R98: 130.4 | S98: 126.8 | T98: 129.9 | U98: NA | V98: 123.7 | W98: 124.5 | X98: 121.4 | Y98: 113.8 | Z98: 119.6 | AA98: 124.5 | AB98: 113.7 | AC98: 118.8 | AD98: 127 | AE98: =tbl_CPI_Clean[[#This Row],[Sector]]&"_"&tbl_CPI_Clean[[#This Row],[Year]]&"_"&tbl_CPI_Clean[[#This Row],[Month]] -> Rural_2015_September | AF98: =DATE(tbl_CPI_Clean[[#This Row],[Year]],MATCH(tbl_CPI_Clean[[#This Row],[Month]],{"January","February","March","April","May","June","July","August","September","October","November","December"},0),1) -> 42248
A99: Urban | B99: 2015 | C99: September | D99: 123.4 | E99: 129 | F99: 115.6 | G99: 128.3 | H99: 107 | I99: 124 | J99: 168.5 | K99: 165.4 | L99: 86.3 | M99: 134.4 | N99: 119.1 | O99: 132.3 | P99: 131.5 | Q99: 134.7 | R99: 124 | S99: 118.6 | T99: 123.2 | U99: 121.6 | V99: 115.1 | W99: 120.4 | X99: 117.1 | Y99: 109.1 | Z99: 117.3 | AA99: 126.5 | AB99: 112.9 | AC99: 116.2 | AD99: 123.5 | AE99: =tbl_CPI_Clean[[#This Row],[Sector]]&"_"&tbl_CPI_Clean[[#This Row],[Year]]&"_"&tbl_CPI_Clean[[#This Row],[Month]] -> Urban_2015_September | AF99: =DATE(tbl_CPI_Clean[[#This Row],[Year]],MATCH(tbl_CPI_Clean[[#This Row],[Month]],{"January","February","March","April","May","June","July","August","September","October","November","December"},0),1) -> 42248
A100: Rural+Urban | B100: 2015 | C100: September | D100: 124.6 | E100: 130.4 | F100: 118.7 | G100: 128.9 | H100: 111.9 | I100: 128.4 | J100: 162.2 | K100: 150 | L100: 90.4 | M100: 128.4 | N100: 120.7 | O100: 132.5 | P100: 131.2 | Q100: 132 | R100: 127.9 | S100: 123.4 | T100: 127.2 | U100: 121.6 | V100: 120.4 | W100: 122.6 | X100: 119.8 | Y100: 111.3 | Z100: 118.3 | AA100: 125.7 | AB100: 113.4 | AC100: 117.5 | AD100: 125.4 | AE100: =tbl_CPI_Clean[[#This Row],[Sector]]&"_"&tbl_CPI_Clean[[#This Row],[Year]]&"_"&tbl_CPI_Clean[[#This Row],[Month]] -> Rural+Urban_2015_September | AF100: =DATE(tbl_CPI_Clean[[#This Row],[Year]],MATCH(tbl_CPI_Clean[[#This Row],[Month]],{"January","February","March","April","May","June","July","August","September","October","November","December"},0),1) -> 42248
...

Sheet 03_Q1_Contribution
A1: Question 1 - Calculate the contribution of broader CPI categories to the overall CPI for May 2023.
A3: Broader Category | B3: Index Value | C3: Contribution %
A4: Food | B4: =AVERAGEIFS(tbl_CPI_Clean[Food and beverages],tbl_CPI_Clean[Year],2023,tbl_CPI_Clean[Month],"May",tbl_CPI_Clean[Sector],"Rural+Urban") -> 179.1 | C4: =B4/SUM($B$4:$B$15) -> 0.082932024
A5: Fuel & Light | B5: =AVERAGEIFS(tbl_CPI_Clean[Fuel and light],tbl_CPI_Clean[Year],2023,tbl_CPI_Clean[Month],"May",tbl_CPI_Clean[Sector],"Rural+Urban") -> 182.8 | C5: =B5/SUM($B$4:$B$15) -> 0.084645305
A6: Clothing & Footwear | B6: =AVERAGEIFS(tbl_CPI_Clean[Clothing and footwear],tbl_CPI_Clean[Year],2023,tbl_CPI_Clean[Month],"May",tbl_CPI_Clean[Sector],"Rural+Urban") -> 186.2 | C6: =B6/SUM($B$4:$B$15) -> 0.08621967
A7: Housing | B7: =AVERAGEIFS(tbl_CPI_Clean[Housing],tbl_CPI_Clean[Year],2023,tbl_CPI_Clean[Month],"May",tbl_CPI_Clean[Sector],"Rural+Urban") -> 175.6 | C7: =B7/SUM($B$4:$B$15) -> 0.081311354
A8: Household Goods & Services | B8: =AVERAGEIFS(tbl_CPI_Clean[Household goods and services],tbl_CPI_Clean[Year],2023,tbl_CPI_Clean[Month],"May",tbl_CPI_Clean[Sector],"Rural+Urban") -> 175.2 | C8: =B8/SUM($B$4:$B$15) -> 0.081126134
A9: Health | B9: =AVERAGEIFS(tbl_CPI_Clean[Health],tbl_CPI_Clean[Year],2023,tbl_CPI_Clean[Month],"May",tbl_CPI_Clean[Sector],"Rural+Urban") -> 185.7 | C9: =B9/SUM($B$4:$B$15) -> 0.085988146
A10: Transport & Communication | B10: =AVERAGEIFS(tbl_CPI_Clean[Transport and communication],tbl_CPI_Clean[Year],2023,tbl_CPI_Clean[Month],"May",tbl_CPI_Clean[Sector],"Rural+Urban") -> 164.8 | C10: =B10/SUM($B$4:$B$15) -> 0.076310428
A11: Recreation & Amusement | B11: =AVERAGEIFS(tbl_CPI_Clean[Recreation and amusement],tbl_CPI_Clean[Year],2023,tbl_CPI_Clean[Month],"May",tbl_CPI_Clean[Sector],"Rural+Urban") -> 171.2 | C11: =B11/SUM($B$4:$B$15) -> 0.07927394
A12: Education | B12: =AVERAGEIFS(tbl_CPI_Clean[Education],tbl_CPI_Clean[Year],2023,tbl_CPI_Clean[Month],"May",tbl_CPI_Clean[Sector],"Rural+Urban") -> 177.1 | C12: =B12/SUM($B$4:$B$15) -> 0.082005927
A13: Personal Care & Effects | B13: =AVERAGEIFS(tbl_CPI_Clean[Personal care and effects],tbl_CPI_Clean[Year],2023,tbl_CPI_Clean[Month],"May",tbl_CPI_Clean[Sector],"Rural+Urban") -> 185.2 | C13: =B13/SUM($B$4:$B$15) -> 0.085756622
A14: Miscellaneous | B14: =AVERAGEIFS(tbl_CPI_Clean[Miscellaneous],tbl_CPI_Clean[Year],2023,tbl_CPI_Clean[Month],"May",tbl_CPI_Clean[Sector],"Rural+Urban") -> 175.7 | C14: =B14/SUM($B$4:$B$15) -> 0.081357659
A15: Pan, Tobacco & Intoxicants | B15: =AVERAGEIFS(tbl_CPI_Clean[Pan, tobacco and intoxicants],tbl_CPI_Clean[Year],2023,tbl_CPI_Clean[Month],"May",tbl_CPI_Clean[Sector],"Rural+Urban") -> 201 | C15: =B15/SUM($B$4:$B$15) -> 0.093072791
A19: Highest Contribution
A20: Pan, Tobacco & Intoxicants — 9.31%
A25: In May 2023, Pan, Tobacco & Intoxicants contributed the highest share (9.31%) to CPI, followed closely by Clothing & Footwear, Health, and Personal Care. Food remained a significant contributor at 8.29%, highlighting its continued importance in inflation measurement.

Sheet 04_Q2_YoY_Trend
A1: Question 2 - YoY trend (2017 onwards)
A4: Year | B4: General Index (Jan) | C4: Genaral Index(Last Month) | D4: YoY Inflation %
A5: 2017 | B5: {=INDEX('02_Clean_Data'!$AD:$AD, MATCH(1, ('02_Clean_Data'!$B:$B=2017)*('02_Clean_Data'!$A:$A ="Rural+Urban")*('02_Clean_Data'!$C:$C="January"),0))} -> 130.3 | C5: {=INDEX('02_Clean_Data'!$AD:$AD, MATCH(1, ('02_Clean_Data'!$B:$B=2017)*('02_Clean_Data'!$A:$A ="Rural+Urban")*('02_Clean_Data'!$C:$C="December"),0))} -> 137.2 | D5: =(C5-B5)/B5 -> 0.05295472
A6: 2018 | B6: {=INDEX('02_Clean_Data'!$AD:$AD, MATCH(1, ('02_Clean_Data'!$B:$B=2018)*('02_Clean_Data'!$A:$A ="Rural+Urban")*('02_Clean_Data'!$C:$C="January"),0))} -> 136.9 | C6: {=INDEX('02_Clean_Data'!$AD:$AD, MATCH(1, ('02_Clean_Data'!$B:$B=2018)*('02_Clean_Data'!$A:$A ="Rural+Urban")*('02_Clean_Data'!$C:$C="December"),0))} -> 140.1 | D6: =(C6-B6)/B6 -> 0.023374726
A7: 2019 | B7: {=INDEX('02_Clean_Data'!$AD:$AD, MATCH(1, ('02_Clean_Data'!$B:$B=2019)*('02_Clean_Data'!$A:$A ="Rural+Urban")*('02_Clean_Data'!$C:$C="January"),0))} -> 139.6 | C7: {=INDEX('02_Clean_Data'!$AD:$AD, MATCH(1, ('02_Clean_Data'!$B:$B=2019)*('02_Clean_Data'!$A:$A ="Rural+Urban")*('02_Clean_Data'!$C:$C="December"),0))} -> 150.4 | D7: =(C7-B7)/B7 -> 0.077363897
A8: 2020 | B8: {=INDEX('02_Clean_Data'!$AD:$AD, MATCH(1, ('02_Clean_Data'!$B:$B=2020)*('02_Clean_Data'!$A:$A ="Rural+Urban")*('02_Clean_Data'!$C:$C="January"),0))} -> 150.2 | C8: {=INDEX('02_Clean_Data'!$AD:$AD, MATCH(1, ('02_Clean_Data'!$B:$B=2020)*('02_Clean_Data'!$A:$A ="Rural+Urban")*('02_Clean_Data'!$C:$C="December"),0))} -> 158.9 | D8: =(C8-B8)/B8 -> 0.05792277
A9: 2021 | B9: {=INDEX('02_Clean_Data'!$AD:$AD, MATCH(1, ('02_Clean_Data'!$B:$B=2021)*('02_Clean_Data'!$A:$A ="Rural+Urban")*('02_Clean_Data'!$C:$C="January"),0))} -> 157.3 | C9: {=INDEX('02_Clean_Data'!$AD:$AD, MATCH(1, ('02_Clean_Data'!$B:$B=2021)*('02_Clean_Data'!$A:$A ="Rural+Urban")*('02_Clean_Data'!$C:$C="December"),0))} -> 166.2 | D9: =(C9-B9)/B9 -> 0.056579784
A10: 2022 | B10: {=INDEX('02_Clean_Data'!$AD:$AD, MATCH(1, ('02_Clean_Data'!$B:$B=2022)*('02_Clean_Data'!$A:$A ="Rural+Urban")*('02_Clean_Data'!$C:$C="January"),0))} -> 165.7 | C10: {=INDEX('02_Clean_Data'!$AD:$AD, MATCH(1, ('02_Clean_Data'!$B:$B=2022)*('02_Clean_Data'!$A:$A ="Rural+Urban")*('02_Clean_Data'!$C:$C="December"),0))} -> 175.7 | D10: =(C10-B10)/B10 -> 0.06035003
A11: 2023 | B11: {=INDEX('02_Clean_Data'!$AD:$AD, MATCH(1, ('02_Clean_Data'!$B:$B=2023)*('02_Clean_Data'!$A:$A ="Rural+Urban")*('02_Clean_Data'!$C:$C="January"),0))} -> 176.5 | C11: {=INDEX('02_Clean_Data'!$AD:$AD, MATCH(1, ('02_Clean_Data'!$B:$B=2023)*('02_Clean_Data'!$A:$A ="Rural+Urban")*('02_Clean_Data'!$C:$C="May"),0))} -> 179.1 | D11: =(C11-B11)/B11 -> 0.014730878

Sheet 05_Q3_Monthly_Trend
A1: Question 3 - Monthly Trend
A5: Month | B5: Food index | C5: MoM Inflation % | E5: Row Labels | F5: Average of Food and beverages | H5: Category | I5: June(2022) | J5: May(2023) | K5: Absolute Change
A6: 44713 | B6: 175.53333 | E6: 44713 | F6: 175.53333 | H6: Cereals and products | I6: =AVERAGEIFS('02_Clean_Data'!D:D,'02_Clean_Data'!B:B,2022,'02_Clean_Data'!C:C,"June") -> 155.43333 | J6: =AVERAGEIFS('02_Clean_Data'!D:D,'02_Clean_Data'!B:B,2023,'02_Clean_Data'!C:C,"May") -> 173.86667 | K6: =J6-I6 -> 18.433333
A7: 44743 | B7: 175.63333 | C7: =(B7-B6)/B6 -> 0.00056969237 | E7: 44743 | F7: 175.63333 | H7: Meat and fish | I7: =AVERAGEIFS('02_Clean_Data'!E:E,'02_Clean_Data'!B:B,2022,'02_Clean_Data'!C:C,"June") -> 220 | J7: =AVERAGEIFS('02_Clean_Data'!E:E,'02_Clean_Data'!B:B,2023,'02_Clean_Data'!C:C,"May") -> 215.06667 | K7: =J7-I7 -> -4.9333333
A8: 44774 | B8: 176.86667 | C8: =(B8-B7)/B7 -> 0.0070222054 | E8: 44774 | F8: 176.86667 | H8: Egg | I8: =AVERAGEIFS('02_Clean_Data'!F:F,'02_Clean_Data'!B:B,2022,'02_Clean_Data'!C:C,"June") -> 171.06667 | J8: =AVERAGEIFS('02_Clean_Data'!F:F,'02_Clean_Data'!B:B,2023,'02_Clean_Data'!C:C,"May") -> 173.63333 | K8: =J8-I8 -> 2.5666667
A9: 44805 | B9: 178.36667 | C9: =(B9-B8)/B8 -> 0.0084809649 | E9: 44805 | F9: 178.36667 | H9: Milk and products | I9: =AVERAGEIFS('02_Clean_Data'!G:G,'02_Clean_Data'!B:B,2022,'02_Clean_Data'!C:C,"June") -> 165.86667 | J9: =AVERAGEIFS('02_Clean_Data'!G:G,'02_Clean_Data'!B:B,2023,'02_Clean_Data'!C:C,"May") -> 179.5 | K9: =J9-I9 -> 13.633333
A10: 44835 | B10: 180.1 | C10: =(B10-B9)/B9 -> 0.0097178098 | E10: 44835 | F10: 180.1 | H10: Oils and fats | I10: =AVERAGEIFS('02_Clean_Data'!H:H,'02_Clean_Data'!B:B,2022,'02_Clean_Data'!C:C,"June") -> 199.2 | J10: =AVERAGEIFS('02_Clean_Data'!H:H,'02_Clean_Data'!B:B,2023,'02_Clean_Data'!C:C,"May") -> 169.23333 | K10: =J10-I10 -> -29.966667
A11: 44866 | B11: 178.73333 | C11: =(B11-B10)/B10 -> -0.0075883768 | E11: 44866 | F11: 178.73333 | H11: Fruits | I11: =AVERAGEIFS('02_Clean_Data'!I:I,'02_Clean_Data'!B:B,2022,'02_Clean_Data'!C:C,"June") -> 169.86667 | J11: =AVERAGEIFS('02_Clean_Data'!I:I,'02_Clean_Data'!B:B,2023,'02_Clean_Data'!C:C,"May") -> 172.33333 | K11: =J11-I11 -> 2.4666667
A12: 44896 | B12: 176.3 | C12: =(B12-B11)/B11 -> -0.013614323 | E12: 44896 | F12: 176.3 | H12: Vegetables | I12: =AVERAGEIFS('02_Clean_Data'!J:J,'02_Clean_Data'!B:B,2022,'02_Clean_Data'!C:C,"June") -> 187.03333 | J12: =AVERAGEIFS('02_Clean_Data'!J:J,'02_Clean_Data'!B:B,2023,'02_Clean_Data'!C:C,"May") -> 164.9 | K12: =J12-I12 -> -22.133333
A13: 44927 | B13: 177.06667 | C13: =(B13-B12)/B12 -> 0.0043486481 | E13: 44927 | F13: 177.06667 | H13: Pulses and products | I13: =AVERAGEIFS('02_Clean_Data'!K:K,'02_Clean_Data'!B:B,2022,'02_Clean_Data'!C:C,"June") -> 164.16667 | J13: =AVERAGEIFS('02_Clean_Data'!K:K,'02_Clean_Data'!B:B,2023,'02_Clean_Data'!C:C,"May") -> 175.8 | K13: =J13-I13 -> 11.633333
A14: 44958 | B14: 177.5 | C14: =(B14-B13)/B13 -> 0.0024472892 | E14: 44958 | F14: 177.5 | H14: Sugar and Confectionery | I14: =AVERAGEIFS('02_Clean_Data'!L:L,'02_Clean_Data'!B:B,2022,'02_Clean_Data'!C:C,"June") -> 120.13333 | J14: =AVERAGEIFS('02_Clean_Data'!L:L,'02_Clean_Data'!B:B,2023,'02_Clean_Data'!C:C,"May") -> 122.93333 | K14: =J14-I14 -> 2.8
A15: 44986 | B15: 177.53333 | C15: =(B15-B14)/B14 -> 0.00018779343 | E15: 44986 | F15: 177.53333 | H15: Spices | I15: =AVERAGEIFS('02_Clean_Data'!M:M,'02_Clean_Data'!B:B,2022,'02_Clean_Data'!C:C,"June") -> 186.5 | J15: =AVERAGEIFS('02_Clean_Data'!M:M,'02_Clean_Data'!B:B,2023,'02_Clean_Data'!C:C,"May") -> 216.96667 | K15: =J15-I15 -> 30.466667
A16: 45017 | B16: 178.5 | C16: =(B16-B15)/B15 -> 0.0054449869 | E16: 45017 | F16: 178.5 | H16: Non-alcoholic beverages | I16: =AVERAGEIFS('02_Clean_Data'!N:N,'02_Clean_Data'!B:B,2022,'02_Clean_Data'!C:C,"June") -> 167.06667 | J16: =AVERAGEIFS('02_Clean_Data'!N:N,'02_Clean_Data'!B:B,2023,'02_Clean_Data'!C:C,"May") -> 172.66667 | K16: =J16-I16 -> 5.6
A17: 45047 | B17: 179.66667 | C17: =(B17-B16)/B16 -> 0.0065359477 | E17: 45047 | F17: 179.66667 | H17: Prepared meals, snacks, sweets etc. | I17: =AVERAGEIFS('02_Clean_Data'!O:O,'02_Clean_Data'!B:B,2022,'02_Clean_Data'!C:C,"June") -> 184.03333 | J17: =AVERAGEIFS('02_Clean_Data'!O:O,'02_Clean_Data'!B:B,2023,'02_Clean_Data'!C:C,"May") -> 194.33333 | K17: =J17-I17 -> 10.3
E18: Grand Total | F18: 177.65
A19: Grand Total | C19: =SUM(C7:C17) -> 0.023552638 | H19: Biggest Absolute Change - Spices(30.47)
H21: Highest Category | I21: =INDEX(H6:H17,MATCH(MAX(K6:K17),K6:K17,0)) -> Spices
H22: Lowest Category | I22: =INDEX(H6:H17,MATCH(MIN(K6:K17),K6:K17,0)) -> Oils and fats
H23: Highest Food Inflation Month | I23: =INDEX(A7:A17,MATCH(MAX(C7:C17),C7:C17,0)) -> 44835
H24: Lowest Food Inflation Month | I24: =INDEX(A7:A17,MATCH(MIN(C7:C17),C7:C17,0)) -> 44896
H25: Absolute Change in overall Food Index | I25: =B17-B6 -> 4.1333333

Sheet 06_Q4_COVID_Impact
A1: Question 4 - COVID Impact
A5: Month | B5: Food Index | C5: Health Index | D5: Fuel & light | E5: Transport & communication | F5: General Index | G5: Food MoM % | H5: Health MoM % | I5: Fuel MoM % | J5: Transport MoM % | K5: General MoM % | L5: COVID Phase | M5: Relative Month | O5: Relative Month | P5: Food MoM % | Q5: Health MoM % | R5: Fuel MoM % | S5: Transport MoM % | T5: General MoM %
A6: 43466 | B6: {=_xlfn.XLOOKUP(1,('02_Clean_Data'!$A:$A="Rural+Urban")*('02_Clean_Data'!$B:$B=YEAR(A6))*('02_Clean_Data'!$C:$C=TEXT(A6,"mmmm")),'02_Clean_Data'!$P:$P)} -> 137.4 | C6: {=_xlfn.XLOOKUP(1,('02_Clean_Data'!$A:$A="Rural+Urban")*('02_Clean_Data'!$B:$B=YEAR(A6))*('02_Clean_Data'!$C:$C=TEXT(A6,"mmmm")),'02_Clean_Data'!$X:$X)} -> 145.1 | D6: {=_xlfn.XLOOKUP(1,('02_Clean_Data'!$A:$A="Rural+Urban")*('02_Clean_Data'!$B:$B=YEAR(A6))*('02_Clean_Data'!$C:$C=TEXT(A6,"mmmm")),'02_Clean_Data'!$V:$V)} -> 139.5 | E6: {=_xlfn.XLOOKUP(1,('02_Clean_Data'!$A:$A="Rural+Urban")*('02_Clean_Data'!$B:$B=YEAR(A6))*('02_Clean_Data'!$C:$C=TEXT(A6,"mmmm")),'02_Clean_Data'!$Y:$Y)} -> 123.3 | F6: {=_xlfn.XLOOKUP(1,('02_Clean_Data'!$A:$A="Rural+Urban")*('02_Clean_Data'!$B:$B=YEAR(A6))*('02_Clean_Data'!$C:$C=TEXT(A6,"mmmm")),'02_Clean_Data'!$AD:$AD)} -> 139.6 | L6: =IF(A6=DATE(2020,3,1),"COVID Onset",IF(A6<DATE(2020,3,1),"Before COVID","After COVID")) -> Before COVID | M6: =(YEAR(A6)-2020)*12+MONTH(A6)-3 -> -14 | O6: =M6 -> -14 | P6: =_xlfn.XLOOKUP(O6,$M$6:$M$29,$G$6:$G$29,"NA") -> 0 | Q6: =_xlfn.XLOOKUP(O6,$M$6:$M$29,$H$6:$H$29,"NA") -> 0 | R6: =_xlfn.XLOOKUP(O6,$M$6:$M$29,$I$6:$I$29,"NA") -> 0 | S6: =_xlfn.XLOOKUP(O6,$M$6:$M$29,$J$6:$J$29,"NA") -> 0 | T6: =_xlfn.XLOOKUP(O6,$M$6:$M$29,$K$6:$K$29,"NA") -> 0
A7: 43497 | B7: {=_xlfn.XLOOKUP(1,('02_Clean_Data'!$A:$A="Rural+Urban")*('02_Clean_Data'!$B:$B=YEAR(A7))*('02_Clean_Data'!$C:$C=TEXT(A7,"mmmm")),'02_Clean_Data'!$P:$P)} -> 137.5 | C7: {=_xlfn.XLOOKUP(1,('02_Clean_Data'!$A:$A="Rural+Urban")*('02_Clean_Data'!$B:$B=YEAR(A7))*('02_Clean_Data'!$C:$C=TEXT(A7,"mmmm")),'02_Clean_Data'!$X:$X)} -> 145.6 | D7: {=_xlfn.XLOOKUP(1,('02_Clean_Data'!$A:$A="Rural+Urban")*('02_Clean_Data'!$B:$B=YEAR(A7))*('02_Clean_Data'!$C:$C=TEXT(A7,"mmmm")),'02_Clean_Data'!$V:$V)} -> 138.4 | E7: {=_xlfn.XLOOKUP(1,('02_Clean_Data'!$A:$A="Rural+Urban")*('02_Clean_Data'!$B:$B=YEAR(A7))*('02_Clean_Data'!$C:$C=TEXT(A7,"mmmm")),'02_Clean_Data'!$Y:$Y)} -> 123.9 | F7: {=_xlfn.XLOOKUP(1,('02_Clean_Data'!$A:$A="Rural+Urban")*('02_Clean_Data'!$B:$B=YEAR(A7))*('02_Clean_Data'!$C:$C=TEXT(A7,"mmmm")),'02_Clean_Data'!$AD:$AD)} -> 139.9 | G7: =IF(OR(B7="NA",B6="NA"),"NA",(B7-B6)/B6) -> 0.00072780204 | H7: =IF(OR(C7="NA",C6="NA"),"NA",(C7-C6)/C6) -> 0.0034458994 | I7: =IF(OR(D7="NA",D6="NA"),"NA",(D7-D6)/D6) -> -0.0078853047 | J7: =IF(OR(E7="NA",E6="NA"),"NA",(E7-E6)/E6) -> 0.00486618 | K7: =IF(OR(F7="NA",F6="NA"),"NA",(F7-F6)/F6) -> 0.0021489971 | L7: =IF(A7=DATE(2020,3,1),"COVID Onset",IF(A7<DATE(2020,3,1),"Before COVID","After COVID")) -> Before COVID | M7: =(YEAR(A7)-2020)*12+MONTH(A7)-3 -> -13 | O7: =M7 -> -13 | P7: =_xlfn.XLOOKUP(O7,$M$6:$M$29,$G$6:$G$29,"NA") -> 0.00072780204 | Q7: =_xlfn.XLOOKUP(O7,$M$6:$M$29,$H$6:$H$29,"NA") -> 0.0034458994 | R7: =_xlfn.XLOOKUP(O7,$M$6:$M$29,$I$6:$I$29,"NA") -> -0.0078853047 | S7: =_xlfn.XLOOKUP(O7,$M$6:$M$29,$J$6:$J$29,"NA") -> 0.00486618 | T7: =_xlfn.XLOOKUP(O7,$M$6:$M$29,$K$6:$K$29,"NA") -> 0.0021489971
A8: 43525 | B8: {=_xlfn.XLOOKUP(1,('02_Clean_Data'!$A:$A="Rural+Urban")*('02_Clean_Data'!$B:$B=YEAR(A8))*('02_Clean_Data'!$C:$C=TEXT(A8,"mmmm")),'02_Clean_Data'!$P:$P)} -> 138.1 | C8: {=_xlfn.XLOOKUP(1,('02_Clean_Data'!$A:$A="Rural+Urban")*('02_Clean_Data'!$B:$B=YEAR(A8))*('02_Clean_Data'!$C:$C=TEXT(A8,"mmmm")),'02_Clean_Data'!$X:$X)} -> 146.2 | D8: {=_xlfn.XLOOKUP(1,('02_Clean_Data'!$A:$A="Rural+Urban")*('02_Clean_Data'!$B:$B=YEAR(A8))*('02_Clean_Data'!$C:$C=TEXT(A8,"mmmm")),'02_Clean_Data'!$V:$V)} -> 139.7 | E8: {=_xlfn.XLOOKUP(1,('02_Clean_Data'!$A:$A="Rural+Urban")*('02_Clean_Data'!$B:$B=YEAR(A8))*('02_Clean_Data'!$C:$C=TEXT(A8,"mmmm")),'02_Clean_Data'!$Y:$Y)} -> 124.6 | F8: {=_xlfn.XLOOKUP(1,('02_Clean_Data'!$A:$A="Rural+Urban")*('02_Clean_Data'!$B:$B=YEAR(A8))*('02_Clean_Data'!$C:$C=TEXT(A8,"mmmm")),'02_Clean_Data'!$AD:$AD)} -> 140.4 | G8: =IF(OR(B8="NA",B7="NA"),"NA",(B8-B7)/B7) -> 0.0043636364 | H8: =IF(OR(C8="NA",C7="NA"),"NA",(C8-C7)/C7) -> 0.0041208791 | I8: =IF(OR(D8="NA",D7="NA"),"NA",(D8-D7)/D7) -> 0.0093930636 | J8: =IF(OR(E8="NA",E7="NA"),"NA",(E8-E7)/E7) -> 0.0056497175 | K8: =IF(OR(F8="NA",F7="NA"),"NA",(F8-F7)/F7) -> 0.0035739814 | L8: =IF(A8=DATE(2020,3,1),"COVID Onset",IF(A8<DATE(2020,3,1),"Before COVID","After COVID")) -> Before COVID | M8: =(YEAR(A8)-2020)*12+MONTH(A8)-3 -> -12 | O8: =M8 -> -12 | P8: =_xlfn.XLOOKUP(O8,$M$6:$M$29,$G$6:$G$29,"NA") -> 0.0043636364 | Q8: =_xlfn.XLOOKUP(O8,$M$6:$M$29,$H$6:$H$29,"NA") -> 0.0041208791 | R8: =_xlfn.XLOOKUP(O8,$M$6:$M$29,$I$6:$I$29,"NA") -> 0.0093930636 | S8: =_xlfn.XLOOKUP(O8,$M$6:$M$29,$J$6:$J$29,"NA") -> 0.0056497175 | T8: =_xlfn.XLOOKUP(O8,$M$6:$M$29,$K$6:$K$29,"NA") -> 0.0035739814
A9: 43556 | B9: {=_xlfn.XLOOKUP(1,('02_Clean_Data'!$A:$A="Rural+Urban")*('02_Clean_Data'!$B:$B=YEAR(A9))*('02_Clean_Data'!$C:$C=TEXT(A9,"mmmm")),'02_Clean_Data'!$P:$P)} -> #N/A | C9: {=_xlfn.XLOOKUP(1,('02_Clean_Data'!$A:$A="Rural+Urban")*('02_Clean_Data'!$B:$B=YEAR(A9))*('02_Clean_Data'!$C:$C=TEXT(A9,"mmmm")),'02_Clean_Data'!$X:$X)} -> #N/A | D9: {=_xlfn.XLOOKUP(1,('02_Clean_Data'!$A:$A="Rural+Urban")*('02_Clean_Data'!$B:$B=YEAR(A9))*('02_Clean_Data'!$C:$C=TEXT(A9,"mmmm")),'02_Clean_Data'!$V:$V)} -> #N/A | E9: {=_xlfn.XLOOKUP(1,('02_Clean_Data'!$A:$A="Rural+Urban")*('02_Clean_Data'!$B:$B=YEAR(A9))*('02_Clean_Data'!$C:$C=TEXT(A9,"mmmm")),'02_Clean_Data'!$Y:$Y)} -> #N/A | F9: {=_xlfn.XLOOKUP(1,('02_Clean_Data'!$A:$A="Rural+Urban")*('02_Clean_Data'!$B:$B=YEAR(A9))*('02_Clean_Data'!$C:$C=TEXT(A9,"mmmm")),'02_Clean_Data'!$AD:$AD)} -> #N/A | G9: =IF(OR(B9="NA",B8="NA"),"NA",(B9-B8)/B8) -> #N/A | H9: =IF(OR(C9="NA",C8="NA"),"NA",(C9-C8)/C8) -> #N/A | I9: =IF(OR(D9="NA",D8="NA"),"NA",(D9-D8)/D8) -> #N/A | J9: =IF(OR(E9="NA",E8="NA"),"NA",(E9-E8)/E8) -> #N/A | K9: =IF(OR(F9="NA",F8="NA"),"NA",(F9-F8)/F8) -> #N/A | L9: =IF(A9=DATE(2020,3,1),"COVID Onset",IF(A9<DATE(2020,3,1),"Before COVID","After COVID")) -> Before COVID | M9: =(YEAR(A9)-2020)*12+MONTH(A9)-3 -> -11 | O9: =M9 -> -11 | P9: =_xlfn.XLOOKUP(O9,$M$6:$M$29,$G$6:$G$29,"NA") -> #N/A | Q9: =_xlfn.XLOOKUP(O9,$M$6:$M$29,$H$6:$H$29,"NA") -> #N/A | R9: =_xlfn.XLOOKUP(O9,$M$6:$M$29,$I$6:$I$29,"NA") -> #N/A | S9: =_xlfn.XLOOKUP(O9,$M$6:$M$29,$J$6:$J$29,"NA") -> #N/A | T9: =_xlfn.XLOOKUP(O9,$M$6:$M$29,$K$6:$K$29,"NA") -> #N/A
A10: 43586 | B10: {=_xlfn.XLOOKUP(1,('02_Clean_Data'!$A:$A="Rural+Urban")*('02_Clean_Data'!$B:$B=YEAR(A10))*('02_Clean_Data'!$C:$C=TEXT(A10,"mmmm")),'02_Clean_Data'!$P:$P)} -> 140.9 | C10: {=_xlfn.XLOOKUP(1,('02_Clean_Data'!$A:$A="Rural+Urban")*('02_Clean_Data'!$B:$B=YEAR(A10))*('02_Clean_Data'!$C:$C=TEXT(A10,"mmmm")),'02_Clean_Data'!$X:$X)} -> 146.9 | D10: {=_xlfn.XLOOKUP(1,('02_Clean_Data'!$A:$A="Rural+Urban")*('02_Clean_Data'!$B:$B=YEAR(A10))*('02_Clean_Data'!$C:$C=TEXT(A10,"mmmm")),'02_Clean_Data'!$V:$V)} -> 140.3 | E10: {=_xlfn.XLOOKUP(1,('02_Clean_Data'!$A:$A="Rural+Urban")*('02_Clean_Data'!$B:$B=YEAR(A10))*('02_Clean_Data'!$C:$C=TEXT(A10,"mmmm")),'02_Clean_Data'!$Y:$Y)} -> 124.9 | F10: {=_xlfn.XLOOKUP(1,('02_Clean_Data'!$A:$A="Rural+Urban")*('02_Clean_Data'!$B:$B=YEAR(A10))*('02_Clean_Data'!$C:$C=TEXT(A10,"mmmm")),'02_Clean_Data'!$AD:$AD)} -> 142 | G10: =IF(OR(B10="NA",B9="NA"),"NA",(B10-B9)/B9) -> #N/A | H10: =IF(OR(C10="NA",C9="NA"),"NA",(C10-C9)/C9) -> #N/A | I10: =IF(OR(D10="NA",D9="NA"),"NA",(D10-D9)/D9) -> #N/A | J10: =IF(OR(E10="NA",E9="NA"),"NA",(E10-E9)/E9) -> #N/A | K10: =IF(OR(F10="NA",F9="NA"),"NA",(F10-F9)/F9) -> #N/A | L10: =IF(A10=DATE(2020,3,1),"COVID Onset",IF(A10<DATE(2020,3,1),"Before COVID","After COVID")) -> Before COVID | M10: =(YEAR(A10)-2020)*12+MONTH(A10)-3 -> -10 | O10: =M10 -> -10 | P10: =_xlfn.XLOOKUP(O10,$M$6:$M$29,$G$6:$G$29,"NA") -> #N/A | Q10: =_xlfn.XLOOKUP(O10,$M$6:$M$29,$H$6:$H$29,"NA") -> #N/A | R10: =_xlfn.XLOOKUP(O10,$M$6:$M$29,$I$6:$I$29,"NA") -> #N/A | S10: =_xlfn.XLOOKUP(O10,$M$6:$M$29,$J$6:$J$29,"NA") -> #N/A | T10: =_xlfn.XLOOKUP(O10,$M$6:$M$29,$K$6:$K$29,"NA") -> #N/A
A11: 43617 | B11: {=_xlfn.XLOOKUP(1,('02_Clean_Data'!$A:$A="Rural+Urban")*('02_Clean_Data'!$B:$B=YEAR(A11))*('02_Clean_Data'!$C:$C=TEXT(A11,"mmmm")),'02_Clean_Data'!$P:$P)} -> 142.7 | C11: {=_xlfn.XLOOKUP(1,('02_Clean_Data'!$A:$A="Rural+Urban")*('02_Clean_Data'!$B:$B=YEAR(A11))*('02_Clean_Data'!$C:$C=TEXT(A11,"mmmm")),'02_Clean_Data'!$X:$X)} -> 147.4 | D11: {=_xlfn.XLOOKUP(1,('02_Clean_Data'!$A:$A="Rural+Urban")*('02_Clean_Data'!$B:$B=YEAR(A11))*('02_Clean_Data'!$C:$C=TEXT(A11,"mmmm")),'02_Clean_Data'!$V:$V)} -> 141.2 | E11: {=_xlfn.XLOOKUP(1,('02_Clean_Data'!$A:$A="Rural+Urban")*('02_Clean_Data'!$B:$B=YEAR(A11))*('02_Clean_Data'!$C:$C=TEXT(A11,"mmmm")),'02_Clean_Data'!$Y:$Y)} -> 124.6 | F11: {=_xlfn.XLOOKUP(1,('02_Clean_Data'!$A:$A="Rural+Urban")*('02_Clean_Data'!$B:$B=YEAR(A11))*('02_Clean_Data'!$C:$C=TEXT(A11,"mmmm")),'02_Clean_Data'!$AD:$AD)} -> 142.9 | G11: =IF(OR(B11="NA",B10="NA"),"NA",(B11-B10)/B10) -> 0.012775018 | H11: =IF(OR(C11="NA",C10="NA"),"NA",(C11-C10)/C10) -> 0.003403676 | I11: =IF(OR(D11="NA",D10="NA"),"NA",(D11-D10)/D10) -> 0.0064148254 | J11: =IF(OR(E11="NA",E10="NA"),"NA",(E11-E10)/E10) -> -0.0024019215 | K11: =IF(OR(F11="NA",F10="NA"),"NA",(F11-F10)/F10) -> 0.0063380282 | L11: =IF(A11=DATE(2020,3,1),"COVID Onset",IF(A11<DATE(2020,3,1),"Before COVID","After COVID")) -> Before COVID | M11: =(YEAR(A11)-2020)*12+MONTH(A11)-3 -> -9 | O11: =M11 -> -9 | P11: =_xlfn.XLOOKUP(O11,$M$6:$M$29,$G$6:$G$29,"NA") -> 0.012775018 | Q11: =_xlfn.XLOOKUP(O11,$M$6:$M$29,$H$6:$H$29,"NA") -> 0.003403676 | R11: =_xlfn.XLOOKUP(O11,$M$6:$M$29,$I$6:$I$29,"NA") -> 0.0064148254 | S11: =_xlfn.XLOOKUP(O11,$M$6:$M$29,$J$6:$J$29,"NA") -> -0.0024019215 | T11: =_xlfn.XLOOKUP(O11,$M$6:$M$29,$K$6:$K$29,"NA") -> 0.0063380282
A12: 43647 | B12: {=_xlfn.XLOOKUP(1,('02_Clean_Data'!$A:$A="Rural+Urban")*('02_Clean_Data'!$B:$B=YEAR(A12))*('02_Clean_Data'!$C:$C=TEXT(A12,"mmmm")),'02_Clean_Data'!$P:$P)} -> 144.7 | C12: {=_xlfn.XLOOKUP(1,('02_Clean_Data'!$A:$A="Rural+Urban")*('02_Clean_Data'!$B:$B=YEAR(A12))*('02_Clean_Data'!$C:$C=TEXT(A12,"mmmm")),'02_Clean_Data'!$X:$X)} -> 147.9 | D12: {=_xlfn.XLOOKUP(1,('02_Clean_Data'!$A:$A="Rural+Urban")*('02_Clean_Data'!$B:$B=YEAR(A12))*('02_Clean_Data'!$C:$C=TEXT(A12,"mmmm")),'02_Clean_Data'!$V:$V)} -> 139.3 | E12: {=_xlfn.XLOOKUP(1,('02_Clean_Data'!$A:$A="Rural+Urban")*('02_Clean_Data'!$B:$B=YEAR(A12))*('02_Clean_Data'!$C:$C=TEXT(A12,"mmmm")),'02_Clean_Data'!$Y:$Y)} -> 125.6 | F12: {=_xlfn.XLOOKUP(1,('02_Clean_Data'!$A:$A="Rural+Urban")*('02_Clean_Data'!$B:$B=YEAR(A12))*('02_Clean_Data'!$C:$C=TEXT(A12,"mmmm")),'02_Clean_Data'!$AD:$AD)} -> 144.2 | G12: =IF(OR(B12="NA",B11="NA"),"NA",(B12-B11)/B11) -> 0.014015417 | H12: =IF(OR(C12="NA",C11="NA"),"NA",(C12-C11)/C11) -> 0.0033921303 | I12: =IF(OR(D12="NA",D11="NA"),"NA",(D12-D11)/D11) -> -0.013456091 | J12: =IF(OR(E12="NA",E11="NA"),"NA",(E12-E11)/E11) -> 0.0080256822 | K12: =IF(OR(F12="NA",F11="NA"),"NA",(F12-F11)/F11) -> 0.0090972708 | L12: =IF(A12=DATE(2020,3,1),"COVID Onset",IF(A12<DATE(2020,3,1),"Before COVID","After COVID")) -> Before COVID | M12: =(YEAR(A12)-2020)*12+MONTH(A12)-3 -> -8 | O12: =M12 -> -8 | P12: =_xlfn.XLOOKUP(O12,$M$6:$M$29,$G$6:$G$29,"NA") -> 0.014015417 | Q12: =_xlfn.XLOOKUP(O12,$M$6:$M$29,$H$6:$H$29,"NA") -> 0.0033921303 | R12: =_xlfn.XLOOKUP(O12,$M$6:$M$29,$I$6:$I$29,"NA") -> -0.013456091 | S12: =_xlfn.XLOOKUP(O12,$M$6:$M$29,$J$6:$J$29,"NA") -> 0.0080256822 | T12: =_xlfn.XLOOKUP(O12,$M$6:$M$29,$K$6:$K$29,"NA") -> 0.0090972708
A13: 43678 | B13: {=_xlfn.XLOOKUP(1,('02_Clean_Data'!$A:$A="Rural+Urban")*('02_Clean_Data'!$B:$B=YEAR(A13))*('02_Clean_Data'!$C:$C=TEXT(A13,"mmmm")),'02_Clean_Data'!$P:$P)} -> 145.9 | C13: {=_xlfn.XLOOKUP(1,('02_Clean_Data'!$A:$A="Rural+Urban")*('02_Clean_Data'!$B:$B=YEAR(A13))*('02_Clean_Data'!$C:$C=TEXT(A13,"mmmm")),'02_Clean_Data'!$X:$X)} -> 148.5 | D13: {=_xlfn.XLOOKUP(1,('02_Clean_Data'!$A:$A="Rural+Urban")*('02_Clean_Data'!$B:$B=YEAR(A13))*('02_Clean_Data'!$C:$C=TEXT(A13,"mmmm")),'02_Clean_Data'!$V:$V)} -> 138.5 | E13: {=_xlfn.XLOOKUP(1,('02_Clean_Data'!$A:$A="Rural+Urban")*('02_Clean_Data'!$B:$B=YEAR(A13))*('02_Clean_Data'!$C:$C=TEXT(A13,"mmmm")),'02_Clean_Data'!$Y:$Y)} -> 125.8 | F13: {=_xlfn.XLOOKUP(1,('02_Clean_Data'!$A:$A="Rural+Urban")*('02_Clean_Data'!$B:$B=YEAR(A13))*('02_Clean_Data'!$C:$C=TEXT(A13,"mmmm")),'02_Clean_Data'!$AD:$AD)} -> 145 | G13: =IF(OR(B13="NA",B12="NA"),"NA",(B13-B12)/B12) -> 0.00829302 | H13: =IF(OR(C13="NA",C12="NA"),"NA",(C13-C12)/C12) -> 0.0040567951 | I13: =IF(OR(D13="NA",D12="NA"),"NA",(D13-D12)/D12) -> -0.0057430007 | J13: =IF(OR(E13="NA",E12="NA"),"NA",(E13-E12)/E12) -> 0.0015923567 | K13: =IF(OR(F13="NA",F12="NA"),"NA",(F13-F12)/F12) -> 0.0055478502 | L13: =IF(A13=DATE(2020,3,1),"COVID Onset",IF(A13<DATE(2020,3,1),"Before COVID","After COVID")) -> Before COVID | M13: =(YEAR(A13)-2020)*12+MONTH(A13)-3 -> -7 | O13: =M13 -> -7 | P13: =_xlfn.XLOOKUP(O13,$M$6:$M$29,$G$6:$G$29,"NA") -> 0.00829302 | Q13: =_xlfn.XLOOKUP(O13,$M$6:$M$29,$H$6:$H$29,"NA") -> 0.0040567951 | R13: =_xlfn.XLOOKUP(O13,$M$6:$M$29,$I$6:$I$29,"NA") -> -0.0057430007 | S13: =_xlfn.XLOOKUP(O13,$M$6:$M$29,$J$6:$J$29,"NA") -> 0.0015923567 | T13: =_xlfn.XLOOKUP(O13,$M$6:$M$29,$K$6:$K$29,"NA") -> 0.0055478502
A14: 43709 | B14: {=_xlfn.XLOOKUP(1,('02_Clean_Data'!$A:$A="Rural+Urban")*('02_Clean_Data'!$B:$B=YEAR(A14))*('02_Clean_Data'!$C:$C=TEXT(A14,"mmmm")),'02_Clean_Data'!$P:$P)} -> 147 | C14: {=_xlfn.XLOOKUP(1,('02_Clean_Data'!$A:$A="Rural+Urban")*('02_Clean_Data'!$B:$B=YEAR(A14))*('02_Clean_Data'!$C:$C=TEXT(A14,"mmmm")),'02_Clean_Data'!$X:$X)} -> 149 | D14: {=_xlfn.XLOOKUP(1,('02_Clean_Data'!$A:$A="Rural+Urban")*('02_Clean_Data'!$B:$B=YEAR(A14))*('02_Clean_Data'!$C:$C=TEXT(A14,"mmmm")),'02_Clean_Data'!$V:$V)} -> 139.2 | E14: {=_xlfn.XLOOKUP(1,('02_Clean_Data'!$A:$A="Rural+Urban")*('02_Clean_Data'!$B:$B=YEAR(A14))*('02_Clean_Data'!$C:$C=TEXT(A14,"mmmm")),'02_Clean_Data'!$Y:$Y)} -> 126.1 | F14: {=_xlfn.XLOOKUP(1,('02_Clean_Data'!$A:$A="Rural+Urban")*('02_Clean_Data'!$B:$B=YEAR(A14))*('02_Clean_Data'!$C:$C=TEXT(A14,"mmmm")),'02_Clean_Data'!$AD:$AD)} -> 145.8 | G14: =IF(OR(B14="NA",B13="NA"),"NA",(B14-B13)/B13) -> 0.0075394106 | H14: =IF(OR(C14="NA",C13="NA"),"NA",(C14-C13)/C13) -> 0.0033670034 | I14: =IF(OR(D14="NA",D13="NA"),"NA",(D14-D13)/D13) -> 0.0050541516 | J14: =IF(OR(E14="NA",E13="NA"),"NA",(E14-E13)/E13) -> 0.0023847377 | K14: =IF(OR(F14="NA",F13="NA"),"NA",(F14-F13)/F13) -> 0.0055172414 | L14: =IF(A14=DATE(2020,3,1),"COVID Onset",IF(A14<DATE(2020,3,1),"Before COVID","After COVID")) -> Before COVID | M14: =(YEAR(A14)-2020)*12+MONTH(A14)-3 -> -6 | O14: =M14 -> -6 | P14: =_xlfn.XLOOKUP(O14,$M$6:$M$29,$G$6:$G$29,"NA") -> 0.0075394106 | Q14: =_xlfn.XLOOKUP(O14,$M$6:$M$29,$H$6:$H$29,"NA") -> 0.0033670034 | R14: =_xlfn.XLOOKUP(O14,$M$6:$M$29,$I$6:$I$29,"NA") -> 0.0050541516 | S14: =_xlfn.XLOOKUP(O14,$M$6:$M$29,$J$6:$J$29,"NA") -> 0.0023847377 | T14: =_xlfn.XLOOKUP(O14,$M$6:$M$29,$K$6:$K$29,"NA") -> 0.0055172414
A15: 43739 | B15: {=_xlfn.XLOOKUP(1,('02_Clean_Data'!$A:$A="Rural+Urban")*('02_Clean_Data'!$B:$B=YEAR(A15))*('02_Clean_Data'!$C:$C=TEXT(A15,"mmmm")),'02_Clean_Data'!$P:$P)} -> 149.6 | C15: {=_xlfn.XLOOKUP(1,('02_Clean_Data'!$A:$A="Rural+Urban")*('02_Clean_Data'!$B:$B=YEAR(A15))*('02_Clean_Data'!$C:$C=TEXT(A15,"mmmm")),'02_Clean_Data'!$X:$X)} -> 149.4 | D15: {=_xlfn.XLOOKUP(1,('02_Clean_Data'!$A:$A="Rural+Urban")*('02_Clean_Data'!$B:$B=YEAR(A15))*('02_Clean_Data'!$C:$C=TEXT(A15,"mmmm")),'02_Clean_Data'!$V:$V)} -> 140.6 | E15: {=_xlfn.XLOOKUP(1,('02_Clean_Data'!$A:$A="Rural+Urban")*('02_Clean_Data'!$B:$B=YEAR(A15))*('02_Clean_Data'!$C:$C=TEXT(A15,"mmmm")),'02_Clean_Data'!$Y:$Y)} -> 126.3 | F15: {=_xlfn.XLOOKUP(1,('02_Clean_Data'!$A:$A="Rural+Urban")*('02_Clean_Data'!$B:$B=YEAR(A15))*('02_Clean_Data'!$C:$C=TEXT(A15,"mmmm")),'02_Clean_Data'!$AD:$AD)} -> 147.2 | G15: =IF(OR(B15="NA",B14="NA"),"NA",(B15-B14)/B14) -> 0.017687075 | H15: =IF(OR(C15="NA",C14="NA"),"NA",(C15-C14)/C14) -> 0.0026845638 | I15: =IF(OR(D15="NA",D14="NA"),"NA",(D15-D14)/D14) -> 0.010057471 | J15: =IF(OR(E15="NA",E14="NA"),"NA",(E15-E14)/E14) -> 0.0015860428 | K15: =IF(OR(F15="NA",F14="NA"),"NA",(F15-F14)/F14) -> 0.0096021948 | L15: =IF(A15=DATE(2020,3,1),"COVID Onset",IF(A15<DATE(2020,3,1),"Before COVID","After COVID")) -> Before COVID | M15: =(YEAR(A15)-2020)*12+MONTH(A15)-3 -> -5 | O15: =M15 -> -5 | P15: =_xlfn.XLOOKUP(O15,$M$6:$M$29,$G$6:$G$29,"NA") -> 0.017687075 | Q15: =_xlfn.XLOOKUP(O15,$M$6:$M$29,$H$6:$H$29,"NA") -> 0.0026845638 | R15: =_xlfn.XLOOKUP(O15,$M$6:$M$29,$I$6:$I$29,"NA") -> 0.010057471 | S15: =_xlfn.XLOOKUP(O15,$M$6:$M$29,$J$6:$J$29,"NA") -> 0.0015860428 | T15: =_xlfn.XLOOKUP(O15,$M$6:$M$29,$K$6:$K$29,"NA") -> 0.0096021948
A16: 43770 | B16: {=_xlfn.XLOOKUP(1,('02_Clean_Data'!$A:$A="Rural+Urban")*('02_Clean_Data'!$B:$B=YEAR(A16))*('02_Clean_Data'!$C:$C=TEXT(A16,"mmmm")),'02_Clean_Data'!$P:$P)} -> 151.9 | C16: {=_xlfn.XLOOKUP(1,('02_Clean_Data'!$A:$A="Rural+Urban")*('02_Clean_Data'!$B:$B=YEAR(A16))*('02_Clean_Data'!$C:$C=TEXT(A16,"mmmm")),'02_Clean_Data'!$X:$X)} -> 149.9 | D16: {=_xlfn.XLOOKUP(1,('02_Clean_Data'!$A:$A="Rural+Urban")*('02_Clean_Data'!$B:$B=YEAR(A16))*('02_Clean_Data'!$C:$C=TEXT(A16,"mmmm")),'02_Clean_Data'!$V:$V)} -> 142.3 | E16: {=_xlfn.XLOOKUP(1,('02_Clean_Data'!$A:$A="Rural+Urban")*('02_Clean_Data'!$B:$B=YEAR(A16))*('02_Clean_Data'!$C:$C=TEXT(A16,"mmmm")),'02_Clean_Data'!$Y:$Y)} -> 126.6 | F16: {=_xlfn.XLOOKUP(1,('02_Clean_Data'!$A:$A="Rural+Urban")*('02_Clean_Data'!$B:$B=YEAR(A16))*('02_Clean_Data'!$C:$C=TEXT(A16,"mmmm")),'02_Clean_Data'!$AD:$AD)} -> 148.6 | G16: =IF(OR(B16="NA",B15="NA"),"NA",(B16-B15)/B15) -> 0.015374332 | H16: =IF(OR(C16="NA",C15="NA"),"NA",(C16-C15)/C15) -> 0.0033467202 | I16: =IF(OR(D16="NA",D15="NA"),"NA",(D16-D15)/D15) -> 0.012091038 | J16: =IF(OR(E16="NA",E15="NA"),"NA",(E16-E15)/E15) -> 0.0023752969 | K16: =IF(OR(F16="NA",F15="NA"),"NA",(F16-F15)/F15) -> 0.0095108696 | L16: =IF(A16=DATE(2020,3,1),"COVID Onset",IF(A16<DATE(2020,3,1),"Before COVID","After COVID")) -> Before COVID | M16: =(YEAR(A16)-2020)*12+MONTH(A16)-3 -> -4 | O16: =M16 -> -4 | P16: =_xlfn.XLOOKUP(O16,$M$6:$M$29,$G$6:$G$29,"NA") -> 0.015374332 | Q16: =_xlfn.XLOOKUP(O16,$M$6:$M$29,$H$6:$H$29,"NA") -> 0.0033467202 | R16: =_xlfn.XLOOKUP(O16,$M$6:$M$29,$I$6:$I$29,"NA") -> 0.012091038 | S16: =_xlfn.XLOOKUP(O16,$M$6:$M$29,$J$6:$J$29,"NA") -> 0.0023752969 | T16: =_xlfn.XLOOKUP(O16,$M$6:$M$29,$K$6:$K$29,"NA") -> 0.0095108696
A17: 43800 | B17: {=_xlfn.XLOOKUP(1,('02_Clean_Data'!$A:$A="Rural+Urban")*('02_Clean_Data'!$B:$B=YEAR(A17))*('02_Clean_Data'!$C:$C=TEXT(A17,"mmmm")),'02_Clean_Data'!$P:$P)} -> 155 | C17: {=_xlfn.XLOOKUP(1,('02_Clean_Data'!$A:$A="Rural+Urban")*('02_Clean_Data'!$B:$B=YEAR(A17))*('02_Clean_Data'!$C:$C=TEXT(A17,"mmmm")),'02_Clean_Data'!$X:$X)} -> 150.4 | D17: {=_xlfn.XLOOKUP(1,('02_Clean_Data'!$A:$A="Rural+Urban")*('02_Clean_Data'!$B:$B=YEAR(A17))*('02_Clean_Data'!$C:$C=TEXT(A17,"mmmm")),'02_Clean_Data'!$V:$V)} -> 143.7 | E17: {=_xlfn.XLOOKUP(1,('02_Clean_Data'!$A:$A="Rural+Urban")*('02_Clean_Data'!$B:$B=YEAR(A17))*('02_Clean_Data'!$C:$C=TEXT(A17,"mmmm")),'02_Clean_Data'!$Y:$Y)} -> 129.8 | F17: {=_xlfn.XLOOKUP(1,('02_Clean_Data'!$A:$A="Rural+Urban")*('02_Clean_Data'!$B:$B=YEAR(A17))*('02_Clean_Data'!$C:$C=TEXT(A17,"mmmm")),'02_Clean_Data'!$AD:$AD)} -> 150.4 | G17: =IF(OR(B17="NA",B16="NA"),"NA",(B17-B16)/B16) -> 0.020408163 | H17: =IF(OR(C17="NA",C16="NA"),"NA",(C17-C16)/C16) -> 0.003335557 | I17: =IF(OR(D17="NA",D16="NA"),"NA",(D17-D16)/D16) -> 0.0098383696 | J17: =IF(OR(E17="NA",E16="NA"),"NA",(E17-E16)/E16) -> 0.025276461 | K17: =IF(OR(F17="NA",F16="NA"),"NA",(F17-F16)/F16) -> 0.012113055 | L17: =IF(A17=DATE(2020,3,1),"COVID Onset",IF(A17<DATE(2020,3,1),"Before COVID","After COVID")) -> Before COVID | M17: =(YEAR(A17)-2020)*12+MONTH(A17)-3 -> -3 | O17: =M17 -> -3 | P17: =_xlfn.XLOOKUP(O17,$M$6:$M$29,$G$6:$G$29,"NA") -> 0.020408163 | Q17: =_xlfn.XLOOKUP(O17,$M$6:$M$29,$H$6:$H$29,"NA") -> 0.003335557 | R17: =_xlfn.XLOOKUP(O17,$M$6:$M$29,$I$6:$I$29,"NA") -> 0.0098383696 | S17: =_xlfn.XLOOKUP(O17,$M$6:$M$29,$J$6:$J$29,"NA") -> 0.025276461 | T17: =_xlfn.XLOOKUP(O17,$M$6:$M$29,$K$6:$K$29,"NA") -> 0.012113055
A18: 43831 | B18: {=_xlfn.XLOOKUP(1,('02_Clean_Data'!$A:$A="Rural+Urban")*('02_Clean_Data'!$B:$B=YEAR(A18))*('02_Clean_Data'!$C:$C=TEXT(A18,"mmmm")),'02_Clean_Data'!$P:$P)} -> 153.5 | C18: {=_xlfn.XLOOKUP(1,('02_Clean_Data'!$A:$A="Rural+Urban")*('02_Clean_Data'!$B:$B=YEAR(A18))*('02_Clean_Data'!$C:$C=TEXT(A18,"mmmm")),'02_Clean_Data'!$X:$X)} -> 151.2 | D18: {=_xlfn.XLOOKUP(1,('02_Clean_Data'!$A:$A="Rural+Urban")*('02_Clean_Data'!$B:$B=YEAR(A18))*('02_Clean_Data'!$C:$C=TEXT(A18,"mmmm")),'02_Clean_Data'!$V:$V)} -> 144.6 | E18: {=_xlfn.XLOOKUP(1,('02_Clean_Data'!$A:$A="Rural+Urban")*('02_Clean_Data'!$B:$B=YEAR(A18))*('02_Clean_Data'!$C:$C=TEXT(A18,"mmmm")),'02_Clean_Data'!$Y:$Y)} -> 130.9 | F18: {=_xlfn.XLOOKUP(1,('02_Clean_Data'!$A:$A="Rural+Urban")*('02_Clean_Data'!$B:$B=YEAR(A18))*('02_Clean_Data'!$C:$C=TEXT(A18,"mmmm")),'02_Clean_Data'!$AD:$AD)} -> 150.2 | G18: =IF(OR(B18="NA",B17="NA"),"NA",(B18-B17)/B17) -> -0.0096774194 | H18: =IF(OR(C18="NA",C17="NA"),"NA",(C18-C17)/C17) -> 0.0053191489 | I18: =IF(OR(D18="NA",D17="NA"),"NA",(D18-D17)/D17) -> 0.006263048 | J18: =IF(OR(E18="NA",E17="NA"),"NA",(E18-E17)/E17) -> 0.0084745763 | K18: =IF(OR(F18="NA",F17="NA"),"NA",(F18-F17)/F17) -> -0.0013297872 | L18: =IF(A18=DATE(2020,3,1),"COVID Onset",IF(A18<DATE(2020,3,1),"Before COVID","After COVID")) -> Before COVID | M18: =(YEAR(A18)-2020)*12+MONTH(A18)-3 -> -2 | O18: =M18 -> -2 | P18: =_xlfn.XLOOKUP(O18,$M$6:$M$29,$G$6:$G$29,"NA") -> -0.0096774194 | Q18: =_xlfn.XLOOKUP(O18,$M$6:$M$29,$H$6:$H$29,"NA") -> 0.0053191489 | R18: =_xlfn.XLOOKUP(O18,$M$6:$M$29,$I$6:$I$29,"NA") -> 0.006263048 | S18: =_xlfn.XLOOKUP(O18,$M$6:$M$29,$J$6:$J$29,"NA") -> 0.0084745763 | T18: =_xlfn.XLOOKUP(O18,$M$6:$M$29,$K$6:$K$29,"NA") -> -0.0013297872
... A29: 44166 | B29: {=_xlfn.XLOOKUP(1,('02_Clean_Data'!$A:$A="Rural+Urban")*('02_Clean_Data'!$B:$B=YEAR(A29))*('02_Clean_Data'!$C:$C=TEXT(A29,"mmmm")),'02_Clean_Data'!$P:$P)} -> 165.4 | C29: {=_xlfn.XLOOKUP(1,('02_Clean_Data'!$A:$A="Rural+Urban")*('02_Clean_Data'!$B:$B=YEAR(A29))*('02_Clean_Data'!$C:$C=TEXT(A29,"mmmm")),'02_Clean_Data'!$X:$X)} -> 158.3 | D29: {=_xlfn.XLOOKUP(1,('02_Clean_Data'!$A:$A="Rural+Urban")*('02_Clean_Data'!$B:$B=YEAR(A29))*('02_Clean_Data'!$C:$C=TEXT(A29,"mmmm")),'02_Clean_Data'!$V:$V)} -> 144.6 | E29: {=_xlfn.XLOOKUP(1,('02_Clean_Data'!$A:$A="Rural+Urban")*('02_Clean_Data'!$B:$B=YEAR(A29))*('02_Clean_Data'!$C:$C=TEXT(A29,"mmmm")),'02_Clean_Data'!$Y:$Y)} -> 140.7 | F29: {=_xlfn.XLOOKUP(1,('02_Clean_Data'!$A:$A="Rural+Urban")*('02_Clean_Data'!$B:$B=YEAR(A29))*('02_Clean_Data'!$C:$C=TEXT(A29,"mmmm")),'02_Clean_Data'!$AD:$AD)} -> 158.9 | G29: =IF(OR(B29="NA",B28="NA"),"NA",(B29-B28)/B28) -> 0.0042501518 | H29: =IF(OR(C29="NA",C28="NA"),"NA",(C29-C28)/C28) -> 0.0069974555 | I29: =IF(OR(D29="NA",D28="NA"),"NA",(D29-D28)/D28) -> 0.0069637883 | J29: =IF(OR(E29="NA",E28="NA"),"NA",(E29-E28)/E28) -> 0.0021367521 | K29: =IF(OR(F29="NA",F28="NA"),"NA",(F29-F28)/F28) -> 0.0031565657 | L29: =IF(A29=DATE(2020,3,1),"COVID Onset",IF(A29<DATE(2020,3,1),"Before COVID","After COVID")) -> After COVID | M29: =(YEAR(A29)-2020)*12+MONTH(A29)-3 -> 9 | O29: =M29 -> 9 | P29: =_xlfn.XLOOKUP(O29,$M$6:$M$29,$G$6:$G$29,"NA") -> 0.0042501518 | Q29: =_xlfn.XLOOKUP(O29,$M$6:$M$29,$H$6:$H$29,"NA") -> 0.0069974555 | R29: =_xlfn.XLOOKUP(O29,$M$6:$M$29,$I$6:$I$29,"NA") -> 0.0069637883 | S29: =_xlfn.XLOOKUP(O29,$M$6:$M$29,$J$6:$J$29,"NA") -> 0.0021367521 | T29: =_xlfn.XLOOKUP(O29,$M$6:$M$29,$K$6:$K$29,"NA") -> 0.0031565657
O32: Metric | P32: Before COVID | Q32: After COVID
O33: Food MoM % | P33: {=SUMPRODUCT(IFERROR(($L$6:$L$29="Before COVID")*$G$6:$G$29,0))/SUMPRODUCT(($L$6:$L$29="Before COVID")*ISNUMBER($G$6:$G$29))} -> 0.0065420436 | Q33: {=SUMPRODUCT(IFERROR(($L$6:$L$29="After COVID")*$G$6:$G$29,0))/SUMPRODUCT(($L$6:$L$29="Before COVID")*ISNUMBER($G$6:$G$29))} -> 0.0080777249
O34: Health MoM % | P34: {=SUMPRODUCT(IFERROR(($L$6:$L$29="Before COVID")*$H$6:$H$29,0))/SUMPRODUCT(($L$6:$L$29="Before COVID")*ISNUMBER($H$6:$H$29))} -> 0.0036162956 | Q34: {=SUMPRODUCT(IFERROR(($L$6:$L$29="After COVID")*$H$6:$H$29,0))/SUMPRODUCT(($L$6:$L$29="Before COVID")*ISNUMBER($H$6:$H$29))} -> 0.0013187022
K35: Row Labels | L35: Average of Before COVID | M35: Average of After COVID | O35: Fuel MoM % | P35: {=SUMPRODUCT(IFERROR(($L$6:$L$29="Before COVID")*$I$6:$I$29,0))/SUMPRODUCT(($L$6:$L$29="Before COVID")*ISNUMBER($I$6:$I$29))} -> 0.0045462007 | Q35: {=SUMPRODUCT(IFERROR(($L$6:$L$29="After COVID")*$I$6:$I$29,0))/SUMPRODUCT(($L$6:$L$29="After COVID")*ISNUMBER($I$6:$I$29))} -> -0.0019037621
K36: Food MoM % | L36: 0.0065420436 | M36: 0.0080777249 | O36: Transport MoM % | P36: {=SUMPRODUCT(IFERROR(($L$6:$L$29="Before COVID")*$J$6:$J$29,0))/SUMPRODUCT(($L$6:$L$29="Before COVID")*ISNUMBER($J$6:$J$29))} -> 0.004840498 | Q36: {=SUMPRODUCT(IFERROR(($L$6:$L$29="After COVID")*$J$6:$J$29,0))/SUMPRODUCT(($L$6:$L$29="After COVID")*ISNUMBER($J$6:$J$29))} -> 0.0069576275
K37: Fuel MoM % | L37: 0.0045462007 | M37: -0.0019037621 | O37: General MoM % | P37: {=SUMPRODUCT(IFERROR(($L$6:$L$29="Before COVID")*$K$6:$K$29,0))/SUMPRODUCT(($L$6:$L$29="Before COVID")*ISNUMBER($K$6:$K$29))} -> 0.0049814666 | Q37: {=SUMPRODUCT(IFERROR(($L$6:$L$29="After COVID")*$K$6:$K$29,0))/SUMPRODUCT(($L$6:$L$29="Before COVID")*ISNUMBER($K$6:$K$29))} -> 0.0041786794
K38: General MoM % | L38: 0.0049814666 | M38: 0.0041786794
K39: Health MoM % | L39: 0.0036162956 | M39: 0.0013187022
K40: Transport MoM % | L40: 0.004840498 | M40: 0.0069576275

Sheet 07_Q5_Imported_Oil_Analysis
A1: Question 5 - Imported Oil Analysis
W2: Category | X2: Correlation with Oil
W3: Food | X3: =CORREL(D7:D33,E7:E33) -> 0.11153183
W4: Health | X4: =CORREL(D7:D33,F7:F33) -> 0.064229883
A5: Month | B5: Indian CrudeOil | C5: CrudeOil Price | D5: Oil MoM % | E5: Food MoM % | F5: Health MoM % | G5: Fuel MoM % | H5: Transport MoM % | I5: General MoM % | W5: Fuel | X5: =CORREL(D7:D33,G7:G33) -> 0.10884696
A6: 44197 | B6: 54.79 | C6: =_xlfn.XLOOKUP(A6,$A$6:$A$33,$B$6:$B$33,"NA") -> 54.79 | W6: Transport | X6: =CORREL(D7:D33,H7:H33) -> 0.086437369
A7: 44228 | B7: 61.22 | C7: =_xlfn.XLOOKUP(A7,$A$6:$A$33,$B$6:$B$33,"NA") -> 61.22 | D7: =(C7-C6)/C6 -> 0.11735718 | E7: =IFERROR((SUMIFS('02_Clean_Data'!P:P,'02_Clean_Data'!A:A,"Rural+Urban",'02_Clean_Data'!B:B,YEAR(A7),'02_Clean_Data'!C:C,TEXT(A7,"mmmm"))-SUMIFS('02_Clean_Data'!P:P,'02_Clean_Data'!A:A,"Rural+Urban",'02_Clean_Data'!B:B,YEAR(A6),'02_Clean_Data'!C:C,TEXT(A6,"mmmm")))/SUMIFS('02_Clean_Data'!P:P,'02_Clean_Data'!A:A,"Rural+Urban",'02_Clean_Data'!B:B,YEAR(A6),'02_Clean_Data'!C:C,TEXT(A6,"mmmm")),"NA") -> -0.025465839 | F7: =IFERROR((SUMIFS('02_Clean_Data'!X:X,'02_Clean_Data'!A:A,"Rural+Urban",'02_Clean_Data'!B:B,YEAR(A7),'02_Clean_Data'!C:C,TEXT(A7,"mmmm"))-SUMIFS('02_Clean_Data'!X:X,'02_Clean_Data'!A:A,"Rural+Urban",'02_Clean_Data'!B:B,YEAR(A6),'02_Clean_Data'!C:C,TEXT(A6,"mmmm")))/SUMIFS('02_Clean_Data'!X:X,'02_Clean_Data'!A:A,"Rural+Urban",'02_Clean_Data'!B:B,YEAR(A6),'02_Clean_Data'!C:C,TEXT(A6,"mmmm")),"NA") -> 0.012554928 | G7: =IFERROR((SUMIFS('02_Clean_Data'!V:V,'02_Clean_Data'!A:A,"Rural+Urban",'02_Clean_Data'!B:B,YEAR(A7),'02_Clean_Data'!C:C,TEXT(A7,"mmmm"))-SUMIFS('02_Clean_Data'!V:V,'02_Clean_Data'!A:A,"Rural+Urban",'02_Clean_Data'!B:B,YEAR(A6),'02_Clean_Data'!C:C,TEXT(A6,"mmmm")))/SUMIFS('02_Clean_Data'!V:V,'02_Clean_Data'!A:A,"Rural+Urban",'02_Clean_Data'!B:B,YEAR(A6),'02_Clean_Data'!C:C,TEXT(A6,"mmmm")),"NA") -> 0.030425963 | H7: =IFERROR((SUMIFS('02_Clean_Data'!Y:Y,'02_Clean_Data'!A:A,"Rural+Urban",'02_Clean_Data'!B:B,YEAR(A7),'02_Clean_Data'!C:C,TEXT(A7,"mmmm"))-SUMIFS('02_Clean_Data'!Y:Y,'02_Clean_Data'!A:A,"Rural+Urban",'02_Clean_Data'!B:B,YEAR(A6),'02_Clean_Data'!C:C,TEXT(A6,"mmmm")))/SUMIFS('02_Clean_Data'!Y:Y,'02_Clean_Data'!A:A,"Rural+Urban",'02_Clean_Data'!B:B,YEAR(A6),'02_Clean_Data'!C:C,TEXT(A6,"mmmm")),"NA") -> 0.022551092 | I7: =IFERROR((SUMIFS('02_Clean_Data'!AD:AD,'02_Clean_Data'!A:A,"Rural+Urban",'02_Clean_Data'!B:B,YEAR(A7),'02_Clean_Data'!C:C,TEXT(A7,"mmmm"))-SUMIFS('02_Clean_Data'!AD:AD,'02_Clean_Data'!A:A,"Rural+Urban",'02_Clean_Data'!B:B,YEAR(A6),'02_Clean_Data'!C:C,TEXT(A6,"mmmm")))/SUMIFS('02_Clean_Data'!AD:AD,'02_Clean_Data'!A:A,"Rural+Urban",'02_Clean_Data'!B:B,YEAR(A6),'02_Clean_Data'!C:C,TEXT(A6,"mmmm")),"NA") -> -0.0044500954 | W7: General | X7: =CORREL(D7:D33,I7:I33) -> 0.13293838
A8: 44256 | B8: 64.73 | C8: =_xlfn.XLOOKUP(A8,$A$6:$A$33,$B$6:$B$33,"NA") -> 64.73 | D8: =(C8-C7)/C7 -> 0.057334205 | E8: =IFERROR((SUMIFS('02_Clean_Data'!P:P,'02_Clean_Data'!A:A,"Rural+Urban",'02_Clean_Data'!B:B,YEAR(A8),'02_Clean_Data'!C:C,TEXT(A8,"mmmm"))-SUMIFS('02_Clean_Data'!P:P,'02_Clean_Data'!A:A,"Rural+Urban",'02_Clean_Data'!B:B,YEAR(A7),'02_Clean_Data'!C:C,TEXT(A7,"mmmm")))/SUMIFS('02_Clean_Data'!P:P,'02_Clean_Data'!A:A,"Rural+Urban",'02_Clean_Data'!B:B,YEAR(A7),'02_Clean_Data'!C:C,TEXT(A7,"mmmm")),"NA") -> -0.0012746973 | F8: =IFERROR((SUMIFS('02_Clean_Data'!X:X,'02_Clean_Data'!A:A,"Rural+Urban",'02_Clean_Data'!B:B,YEAR(A8),'02_Clean_Data'!C:C,TEXT(A8,"mmmm"))-SUMIFS('02_Clean_Data'!X:X,'02_Clean_Data'!A:A,"Rural+Urban",'02_Clean_Data'!B:B,YEAR(A7),'02_Clean_Data'!C:C,TEXT(A7,"mmmm")))/SUMIFS('02_Clean_Data'!X:X,'02_Clean_Data'!A:A,"Rural+Urban",'02_Clean_Data'!B:B,YEAR(A7),'02_Clean_Data'!C:C,TEXT(A7,"mmmm")),"NA") -> 0.0024798512 | G8: =IFERROR((SUMIFS('02_Clean_Data'!V:V,'02_Clean_Data'!A:A,"Rural+Urban",'02_Clean_Data'!B:B,YEAR(A8),'02_Clean_Data'!C:C,TEXT(A8,"mmmm"))-SUMIFS('02_Clean_Data'!V:V,'02_Clean_Data'!A:A,"Rural+Urban",'02_Clean_Data'!B:B,YEAR(A7),'02_Clean_Data'!C:C,TEXT(A7,"mmmm")))/SUMIFS('02_Clean_Data'!V:V,'02_Clean_Data'!A:A,"Rural+Urban",'02_Clean_Data'!B:B,YEAR(A7),'02_Clean_Data'!C:C,TEXT(A7,"mmmm")),"NA") -> 0.020341207 | H8: =IFERROR((SUMIFS('02_Clean_Data'!Y:Y,'02_Clean_Data'!A:A,"Rural+Urban",'02_Clean_Data'!B:B,YEAR(A8),'02_Clean_Data'!C:C,TEXT(A8,"mmmm"))-SUMIFS('02_Clean_Data'!Y:Y,'02_Clean_Data'!A:A,"Rural+Urban",'02_Clean_Data'!B:B,YEAR(A7),'02_Clean_Data'!C:C,TEXT(A7,"mmmm")))/SUMIFS('02_Clean_Data'!Y:Y,'02_Clean_Data'!A:A,"Rural+Urban",'02_Clean_Data'!B:B,YEAR(A7),'02_Clean_Data'!C:C,TEXT(A7,"mmmm")),"NA") -> 0.0075809786 | I8: =IFERROR((SUMIFS('02_Clean_Data'!AD:AD,'02_Clean_Data'!A:A,"Rural+Urban",'02_Clean_Data'!B:B,YEAR(A8),'02_Clean_Data'!C:C,TEXT(A8,"mmmm"))-SUMIFS('02_Clean_Data'!AD:AD,'02_Clean_Data'!A:A,"Rural+Urban",'02_Clean_Data'!B:B,YEAR(A7),'02_Clean_Data'!C:C,TEXT(A7,"mmmm")))/SUMIFS('02_Clean_Data'!AD:AD,'02_Clean_Data'!A:A,"Rural+Urban",'02_Clean_Data'!B:B,YEAR(A7),'02_Clean_Data'!C:C,TEXT(A7,"mmmm")),"NA") -> 0.0012771392
A9: 44287 | B9: 63.4 | C9: =_xlfn.XLOOKUP(A9,$A$6:$A$33,$B$6:$B$33,"NA") -> 63.4 | D9: =(C9-C8)/C8 -> -0.020546887 | E9: =IFERROR((SUMIFS('02_Clean_Data'!P:P,'02_Clean_Data'!A:A,"Rural+Urban",'02_Clean_Data'!B:B,YEAR(A9),'02_Clean_Data'!C:C,TEXT(A9,"mmmm"))-SUMIFS('02_Clean_Data'!P:P,'02_Clean_Data'!A:A,"Rural+Urban",'02_Clean_Data'!B:B,YEAR(A8),'02_Clean_Data'!C:C,TEXT(A8,"mmmm")))/SUMIFS('02_Clean_Data'!P:P,'02_Clean_Data'!A:A,"Rural+Urban",'02_Clean_Data'!B:B,YEAR(A8),'02_Clean_Data'!C:C,TEXT(A8,"mmmm")),"NA") -> 0.0082961072 | F9: =IFERROR((SUMIFS('02_Clean_Data'!X:X,'02_Clean_Data'!A:A,"Rural+Urban",'02_Clean_Data'!B:B,YEAR(A9),'02_Clean_Data'!C:C,TEXT(A9,"mmmm"))-SUMIFS('02_Clean_Data'!X:X,'02_Clean_Data'!A:A,"Rural+Urban",'02_Clean_Data'!B:B,YEAR(A8),'02_Clean_Data'!C:C,TEXT(A8,"mmmm")))/SUMIFS('02_Clean_Data'!X:X,'02_Clean_Data'!A:A,"Rural+Urban",'02_Clean_Data'!B:B,YEAR(A8),'02_Clean_Data'!C:C,TEXT(A8,"mmmm")),"NA") -> 0.0037105751 | G9: =IFERROR((SUMIFS('02_Clean_Data'!V:V,'02_Clean_Data'!A:A,"Rural+Urban",'02_Clean_Data'!B:B,YEAR(A9),'02_Clean_Data'!C:C,TEXT(A9,"mmmm"))-SUMIFS('02_Clean_Data'!V:V,'02_Clean_Data'!A:A,"Rural+Urban",'02_Clean_Data'!B:B,YEAR(A8),'02_Clean_Data'!C:C,TEXT(A8,"mmmm")))/SUMIFS('02_Clean_Data'!V:V,'02_Clean_Data'!A:A,"Rural+Urban",'02_Clean_Data'!B:B,YEAR(A8),'02_Clean_Data'!C:C,TEXT(A8,"mmmm")),"NA") -> 0.00064308682 | H9: =IFERROR((SUMIFS('02_Clean_Data'!Y:Y,'02_Clean_Data'!A:A,"Rural+Urban",'02_Clean_Data'!B:B,YEAR(A9),'02_Clean_Data'!C:C,TEXT(A9,"mmmm"))-SUMIFS('02_Clean_Data'!Y:Y,'02_Clean_Data'!A:A,"Rural+Urban",'02_Clean_Data'!B:B,YEAR(A8),'02_Clean_Data'!C:C,TEXT(A8,"mmmm")))/SUMIFS('02_Clean_Data'!Y:Y,'02_Clean_Data'!A:A,"Rural+Urban",'02_Clean_Data'!B:B,YEAR(A8),'02_Clean_Data'!C:C,TEXT(A8,"mmmm")),"NA") -> 0.0027359781 | I9: =IFERROR((SUMIFS('02_Clean_Data'!AD:AD,'02_Clean_Data'!A:A,"Rural+Urban",'02_Clean_Data'!B:B,YEAR(A9),'02_Clean_Data'!C:C,TEXT(A9,"mmmm"))-SUMIFS('02_Clean_Data'!AD:AD,'02_Clean_Data'!A:A,"Rural+Urban",'02_Clean_Data'!B:B,YEAR(A8),'02_Clean_Data'!C:C,TEXT(A8,"mmmm")))/SUMIFS('02_Clean_Data'!AD:AD,'02_Clean_Data'!A:A,"Rural+Urban",'02_Clean_Data'!B:B,YEAR(A8),'02_Clean_Data'!C:C,TEXT(A8,"mmmm")),"NA") -> 0.006377551
A10: 44317 | B10: 66.95 | C10: =_xlfn.XLOOKUP(A10,$A$6:$A$33,$B$6:$B$33,"NA") -> 66.95 | D10: =(C10-C9)/C9 -> 0.055993691 | E10: =IFERROR((SUMIFS('02_Clean_Data'!P:P,'02_Clean_Data'!A:A,"Rural+Urban",'02_Clean_Data'!B:B,YEAR(A10),'02_Clean_Data'!C:C,TEXT(A10,"mmmm"))-SUMIFS('02_Clean_Data'!P:P,'02_Clean_Data'!A:A,"Rural+Urban",'02_Clean_Data'!B:B,YEAR(A9),'02_Clean_Data'!C:C,TEXT(A9,"mmmm")))/SUMIFS('02_Clean_Data'!P:P,'02_Clean_Data'!A:A,"Rural+Urban",'02_Clean_Data'!B:B,YEAR(A9),'02_Clean_Data'!C:C,TEXT(A9,"mmmm")),"NA") -> 0.017088608 | F10: =IFERROR((SUMIFS('02_Clean_Data'!X:X,'02_Clean_Data'!A:A,"Rural+Urban",'02_Clean_Data'!B:B,YEAR(A10),'02_Clean_Data'!C:C,TEXT(A10,"mmmm"))-SUMIFS('02_Clean_Data'!X:X,'02_Clean_Data'!A:A,"Rural+Urban",'02_Clean_Data'!B:B,YEAR(A9),'02_Clean_Data'!C:C,TEXT(A9,"mmmm")))/SUMIFS('02_Clean_Data'!X:X,'02_Clean_Data'!A:A,"Rural+Urban",'02_Clean_Data'!B:B,YEAR(A9),'02_Clean_Data'!C:C,TEXT(A9,"mmmm")),"NA") -> 0.021565003 | G10: =IFERROR((SUMIFS('02_Clean_Data'!V:V,'02_Clean_Data'!A:A,"Rural+Urban",'02_Clean_Data'!B:B,YEAR(A10),'02_Clean_Data'!C:C,TEXT(A10,"mmmm"))-SUMIFS('02_Clean_Data'!V:V,'02_Clean_Data'!A:A,"Rural+Urban",'02_Clean_Data'!B:B,YEAR(A9),'02_Clean_Data'!C:C,TEXT(A9,"mmmm")))/SUMIFS('02_Clean_Data'!V:V,'02_Clean_Data'!A:A,"Rural+Urban",'02_Clean_Data'!B:B,YEAR(A9),'02_Clean_Data'!C:C,TEXT(A9,"mmmm")),"NA") -> 0.024421594 | H10: =IFERROR((SUMIFS('02_Clean_Data'!Y:Y,'02_Clean_Data'!A:A,"Rural+Urban",'02_Clean_Data'!B:B,YEAR(A10),'02_Clean_Data'!C:C,TEXT(A10,"mmmm"))-SUMIFS('02_Clean_Data'!Y:Y,'02_Clean_Data'!A:A,"Rural+Urban",'02_Clean_Data'!B:B,YEAR(A9),'02_Clean_Data'!C:C,TEXT(A9,"mmmm")))/SUMIFS('02_Clean_Data'!Y:Y,'02_Clean_Data'!A:A,"Rural+Urban",'02_Clean_Data'!B:B,YEAR(A9),'02_Clean_Data'!C:C,TEXT(A9,"mmmm")),"NA") -> 0.01568895 | I10: =IFERROR((SUMIFS('02_Clean_Data'!AD:AD,'02_Clean_Data'!A:A,"Rural+Urban",'02_Clean_Data'!B:B,YEAR(A10),'02_Clean_Data'!C:C,TEXT(A10,"mmmm"))-SUMIFS('02_Clean_Data'!AD:AD,'02_Clean_Data'!A:A,"Rural+Urban",'02_Clean_Data'!B:B,YEAR(A9),'02_Clean_Data'!C:C,TEXT(A9,"mmmm")))/SUMIFS('02_Clean_Data'!AD:AD,'02_Clean_Data'!A:A,"Rural+Urban",'02_Clean_Data'!B:B,YEAR(A9),'02_Clean_Data'!C:C,TEXT(A9,"mmmm")),"NA") -> 0.016476553
A11: 44348 | B11: 71.98 | C11: =_xlfn.XLOOKUP(A11,$A$6:$A$33,$B$6:$B$33,"NA") -> 71.98 | D11: =(C11-C10)/C10 -> 0.075130695 | E11: =IFERROR((SUMIFS('02_Clean_Data'!P:P,'02_Clean_Data'!A:A,"Rural+Urban",'02_Clean_Data'!B:B,YEAR(A11),'02_Clean_Data'!C:C,TEXT(A11,"mmmm"))-SUMIFS('02_Clean_Data'!P:P,'02_Clean_Data'!A:A,"Rural+Urban",'02_Clean_Data'!B:B,YEAR(A10),'02_Clean_Data'!C:C,TEXT(A10,"mmmm")))/SUMIFS('02_Clean_Data'!P:P,'02_Clean_Data'!A:A,"Rural+Urban",'02_Clean_Data'!B:B,YEAR(A10),'02_Clean_Data'!C:C,TEXT(A10,"mmmm")),"NA") -> 0.011823273 | F11: =IFERROR((SUMIFS('02_Clean_Data'!X:X,'02_Clean_Data'!A:A,"Rural+Urban",'02_Clean_Data'!B:B,YEAR(A11),'02_Clean_Data'!C:C,TEXT(A11,"mmmm"))-SUMIFS('02_Clean_Data'!X:X,'02_Clean_Data'!A:A,"Rural+Urban",'02_Clean_Data'!B:B,YEAR(A10),'02_Clean_Data'!C:C,TEXT(A10,"mmmm")))/SUMIFS('02_Clean_Data'!X:X,'02_Clean_Data'!A:A,"Rural+Urban",'02_Clean_Data'!B:B,YEAR(A10),'02_Clean_Data'!C:C,TEXT(A10,"mmmm")),"NA") -> 0.0030156815 | G11: =IFERROR((SUMIFS('02_Clean_Data'!V:V,'02_Clean_Data'!A:A,"Rural+Urban",'02_Clean_Data'!B:B,YEAR(A11),'02_Clean_Data'!C:C,TEXT(A11,"mmmm"))-SUMIFS('02_Clean_Data'!V:V,'02_Clean_Data'!A:A,"Rural+Urban",'02_Clean_Data'!B:B,YEAR(A10),'02_Clean_Data'!C:C,TEXT(A10,"mmmm")))/SUMIFS('02_Clean_Data'!V:V,'02_Clean_Data'!A:A,"Rural+Urban",'02_Clean_Data'!B:B,YEAR(A10),'02_Clean_Data'!C:C,TEXT(A10,"mmmm")),"NA") -> 0.0025094103 | H11: =IFERROR((SUMIFS('02_Clean_Data'!Y:Y,'02_Clean_Data'!A:A,"Rural+Urban",'02_Clean_Data'!B:B,YEAR(A11),'02_Clean_Data'!C:C,TEXT(A11,"mmmm"))-SUMIFS('02_Clean_Data'!Y:Y,'02_Clean_Data'!A:A,"Rural+Urban",'02_Clean_Data'!B:B,YEAR(A10),'02_Clean_Data'!C:C,TEXT(A10,"mmmm")))/SUMIFS('02_Clean_Data'!Y:Y,'02_Clean_Data'!A:A,"Rural+Urban",'02_Clean_Data'!B:B,YEAR(A10),'02_Clean_Data'!C:C,TEXT(A10,"mmmm")),"NA") -> 0.01208865 | I11: =IFERROR((SUMIFS('02_Clean_Data'!AD:AD,'02_Clean_Data'!A:A,"Rural+Urban",'02_Clean_Data'!B:B,YEAR(A11),'02_Clean_Data'!C:C,TEXT(A11,"mmmm"))-SUMIFS('02_Clean_Data'!AD:AD,'02_Clean_Data'!A:A,"Rural+Urban",'02_Clean_Data'!B:B,YEAR(A10),'02_Clean_Data'!C:C,TEXT(A10,"mmmm")))/SUMIFS('02_Clean_Data'!AD:AD,'02_Clean_Data'!A:A,"Rural+Urban",'02_Clean_Data'!B:B,YEAR(A10),'02_Clean_Data'!C:C,TEXT(A10,"mmmm")),"NA") -> 0.0056109726
A12: 44378 | B12: 73.54 | C12: =_xlfn.XLOOKUP(A12,$A$6:$A$33,$B$6:$B$33,"NA") -> 73.54 | D12: =(C12-C11)/C11 -> 0.021672687 | E12: =IFERROR((SUMIFS('02_Clean_Data'!P:P,'02_Clean_Data'!A:A,"Rural+Urban",'02_Clean_Data'!B:B,YEAR(A12),'02_Clean_Data'!C:C,TEXT(A12,"mmmm"))-SUMIFS('02_Clean_Data'!P:P,'02_Clean_Data'!A:A,"Rural+Urban",'02_Clean_Data'!B:B,YEAR(A11),'02_Clean_Data'!C:C,TEXT(A11,"mmmm")))/SUMIFS('02_Clean_Data'!P:P,'02_Clean_Data'!A:A,"Rural+Urban",'02_Clean_Data'!B:B,YEAR(A11),'02_Clean_Data'!C:C,TEXT(A11,"mmmm")),"NA") -> 0.0086100861 | F12: =IFERROR((SUMIFS('02_Clean_Data'!X:X,'02_Clean_Data'!A:A,"Rural+Urban",'02_Clean_Data'!B:B,YEAR(A12),'02_Clean_Data'!C:C,TEXT(A12,"mmmm"))-SUMIFS('02_Clean_Data'!X:X,'02_Clean_Data'!A:A,"Rural+Urban",'02_Clean_Data'!B:B,YEAR(A11),'02_Clean_Data'!C:C,TEXT(A11,"mmmm")))/SUMIFS('02_Clean_Data'!X:X,'02_Clean_Data'!A:A,"Rural+Urban",'02_Clean_Data'!B:B,YEAR(A11),'02_Clean_Data'!C:C,TEXT(A11,"mmmm")),"NA") -> 0.0042092604 | G12: =IFERROR((SUMIFS('02_Clean_Data'!V:V,'02_Clean_Data'!A:A,"Rural+Urban",'02_Clean_Data'!B:B,YEAR(A12),'02_Clean_Data'!C:C,TEXT(A12,"mmmm"))-SUMIFS('02_Clean_Data'!V:V,'02_Clean_Data'!A:A,"Rural+Urban",'02_Clean_Data'!B:B,YEAR(A11),'02_Clean_Data'!C:C,TEXT(A11,"mmmm")))/SUMIFS('02_Clean_Data'!V:V,'02_Clean_Data'!A:A,"Rural+Urban",'02_Clean_Data'!B:B,YEAR(A11),'02_Clean_Data'!C:C,TEXT(A11,"mmmm")),"NA") -> 0.0056320401 | H12: =IFERROR((SUMIFS('02_Clean_Data'!Y:Y,'02_Clean_Data'!A:A,"Rural+Urban",'02_Clean_Data'!B:B,YEAR(A12),'02_Clean_Data'!C:C,TEXT(A12,"mmmm"))-SUMIFS('02_Clean_Data'!Y:Y,'02_Clean_Data'!A:A,"Rural+Urban",'02_Clean_Data'!B:B,YEAR(A11),'02_Clean_Data'!C:C,TEXT(A11,"mmmm")))/SUMIFS('02_Clean_Data'!Y:Y,'02_Clean_Data'!A:A,"Rural+Urban",'02_Clean_Data'!B:B,YEAR(A11),'02_Clean_Data'!C:C,TEXT(A11,"mmmm")),"NA") -> 0.01592568 | I12: =IFERROR((SUMIFS('02_Clean_Data'!AD:AD,'02_Clean_Data'!A:A,"Rural+Urban",'02_Clean_Data'!B:B,YEAR(A12),'02_Clean_Data'!C:C,TEXT(A12,"mmmm"))-SUMIFS('02_Clean_Data'!AD:AD,'02_Clean_Data'!A:A,"Rural+Urban",'02_Clean_Data'!B:B,YEAR(A11),'02_Clean_Data'!C:C,TEXT(A11,"mmmm")))/SUMIFS('02_Clean_Data'!AD:AD,'02_Clean_Data'!A:A,"Rural+Urban",'02_Clean_Data'!B:B,YEAR(A11),'02_Clean_Data'!C:C,TEXT(A11,"mmmm")),"NA") -> 0.0074395536
A13: 44409 | B13: 69.8 | C13: =_xlfn.XLOOKUP(A13,$A$6:$A$33,$B$6:$B$33,"NA") -> 69.8 | D13: =(C13-C12)/C12 -> -0.050856677 | E13: =IFERROR((SUMIFS('02_Clean_Data'!P:P,'02_Clean_Data'!A:A,"Rural+Urban",'02_Clean_Data'!B:B,YEAR(A13),'02_Clean_Data'!C:C,TEXT(A13,"mmmm"))-SUMIFS('02_Clean_Data'!P:P,'02_Clean_Data'!A:A,"Rural+Urban",'02_Clean_Data'!B:B,YEAR(A12),'02_Clean_Data'!C:C,TEXT(A12,"mmmm")))/SUMIFS('02_Clean_Data'!P:P,'02_Clean_Data'!A:A,"Rural+Urban",'02_Clean_Data'!B:B,YEAR(A12),'02_Clean_Data'!C:C,TEXT(A12,"mmmm")),"NA") -> 0 | F13: =IFERROR((SUMIFS('02_Clean_Data'!X:X,'02_Clean_Data'!A:A,"Rural+Urban",'02_Clean_Data'!B:B,YEAR(A13),'02_Clean_Data'!C:C,TEXT(A13,"mmmm"))-SUMIFS('02_Clean_Data'!X:X,'02_Clean_Data'!A:A,"Rural+Urban",'02_Clean_Data'!B:B,YEAR(A12),'02_Clean_Data'!C:C,TEXT(A12,"mmmm")))/SUMIFS('02_Clean_Data'!X:X,'02_Clean_Data'!A:A,"Rural+Urban",'02_Clean_Data'!B:B,YEAR(A12),'02_Clean_Data'!C:C,TEXT(A12,"mmmm")),"NA") -> 0.0083832335 | G13: =IFERROR((SUMIFS('02_Clean_Data'!V:V,'02_Clean_Data'!A:A,"Rural+Urban",'02_Clean_Data'!B:B,YEAR(A13),'02_Clean_Data'!C:C,TEXT(A13,"mmmm"))-SUMIFS('02_Clean_Data'!V:V,'02_Clean_Data'!A:A,"Rural+Urban",'02_Clean_Data'!B:B,YEAR(A12),'02_Clean_Data'!C:C,TEXT(A12,"mmmm")))/SUMIFS('02_Clean_Data'!V:V,'02_Clean_Data'!A:A,"Rural+Urban",'02_Clean_Data'!B:B,YEAR(A12),'02_Clean_Data'!C:C,TEXT(A12,"mmmm")),"NA") -> 0.011823273 | H13: =IFERROR((SUMIFS('02_Clean_Data'!Y:Y,'02_Clean_Data'!A:A,"Rural+Urban",'02_Clean_Data'!B:B,YEAR(A13),'02_Clean_Data'!C:C,TEXT(A13,"mmmm"))-SUMIFS('02_Clean_Data'!Y:Y,'02_Clean_Data'!A:A,"Rural+Urban",'02_Clean_Data'!B:B,YEAR(A12),'02_Clean_Data'!C:C,TEXT(A12,"mmmm")))/SUMIFS('02_Clean_Data'!Y:Y,'02_Clean_Data'!A:A,"Rural+Urban",'02_Clean_Data'!B:B,YEAR(A12),'02_Clean_Data'!C:C,TEXT(A12,"mmmm")),"NA") -> 0.0058785108 | I13: =IFERROR((SUMIFS('02_Clean_Data'!AD:AD,'02_Clean_Data'!A:A,"Rural+Urban",'02_Clean_Data'!B:B,YEAR(A13),'02_Clean_Data'!C:C,TEXT(A13,"mmmm"))-SUMIFS('02_Clean_Data'!AD:AD,'02_Clean_Data'!A:A,"Rural+Urban",'02_Clean_Data'!B:B,YEAR(A12),'02_Clean_Data'!C:C,TEXT(A12,"mmmm")))/SUMIFS('02_Clean_Data'!AD:AD,'02_Clean_Data'!A:A,"Rural+Urban",'02_Clean_Data'!B:B,YEAR(A12),'02_Clean_Data'!C:C,TEXT(A12,"mmmm")),"NA") -> 0.0043076923
A14: 44440 | B14: 73.13 | C14: =_xlfn.XLOOKUP(A14,$A$6:$A$33,$B$6:$B$33,"NA") -> 73.13 | D14: =(C14-C13)/C13 -> 0.047707736 | E14: =IFERROR((SUMIFS('02_Clean_Data'!P:P,'02_Clean_Data'!A:A,"Rural+Urban",'02_Clean_Data'!B:B,YEAR(A14),'02_Clean_Data'!C:C,TEXT(A14,"mmmm"))-SUMIFS('02_Clean_Data'!P:P,'02_Clean_Data'!A:A,"Rural+Urban",'02_Clean_Data'!B:B,YEAR(A13),'02_Clean_Data'!C:C,TEXT(A13,"mmmm")))/SUMIFS('02_Clean_Data'!P:P,'02_Clean_Data'!A:A,"Rural+Urban",'02_Clean_Data'!B:B,YEAR(A13),'02_Clean_Data'!C:C,TEXT(A13,"mmmm")),"NA") -> 0 | F14: =IFERROR((SUMIFS('02_Clean_Data'!X:X,'02_Clean_Data'!A:A,"Rural+Urban",'02_Clean_Data'!B:B,YEAR(A14),'02_Clean_Data'!C:C,TEXT(A14,"mmmm"))-SUMIFS('02_Clean_Data'!X:X,'02_Clean_Data'!A:A,"Rural+Urban",'02_Clean_Data'!B:B,YEAR(A13),'02_Clean_Data'!C:C,TEXT(A13,"mmmm")))/SUMIFS('02_Clean_Data'!X:X,'02_Clean_Data'!A:A,"Rural+Urban",'02_Clean_Data'!B:B,YEAR(A13),'02_Clean_Data'!C:C,TEXT(A13,"mmmm")),"NA") -> 0 | G14: =IFERROR((SUMIFS('02_Clean_Data'!V:V,'02_Clean_Data'!A:A,"Rural+Urban",'02_Clean_Data'!B:B,YEAR(A14),'02_Clean_Data'!C:C,TEXT(A14,"mmmm"))-SUMIFS('02_Clean_Data'!V:V,'02_Clean_Data'!A:A,"Rural+Urban",'02_Clean_Data'!B:B,YEAR(A13),'02_Clean_Data'!C:C,TEXT(A13,"mmmm")))/SUMIFS('02_Clean_Data'!V:V,'02_Clean_Data'!A:A,"Rural+Urban",'02_Clean_Data'!B:B,YEAR(A13),'02_Clean_Data'!C:C,TEXT(A13,"mmmm")),"NA") -> 0 | H14: =IFERROR((SUMIFS('02_Clean_Data'!Y:Y,'02_Clean_Data'!A:A,"Rural+Urban",'02_Clean_Data'!B:B,YEAR(A14),'02_Clean_Data'!C:C,TEXT(A14,"mmmm"))-SUMIFS('02_Clean_Data'!Y:Y,'02_Clean_Data'!A:A,"Rural+Urban",'02_Clean_Data'!B:B,YEAR(A13),'02_Clean_Data'!C:C,TEXT(A13,"mmmm")))/SUMIFS('02_Clean_Data'!Y:Y,'02_Clean_Data'!A:A,"Rural+Urban",'02_Clean_Data'!B:B,YEAR(A13),'02_Clean_Data'!C:C,TEXT(A13,"mmmm")),"NA") -> 0 | I14: =IFERROR((SUMIFS('02_Clean_Data'!AD:AD,'02_Clean_Data'!A:A,"Rural+Urban",'02_Clean_Data'!B:B,YEAR(A14),'02_Clean_Data'!C:C,TEXT(A14,"mmmm"))-SUMIFS('02_Clean_Data'!AD:AD,'02_Clean_Data'!A:A,"Rural+Urban",'02_Clean_Data'!B:B,YEAR(A13),'02_Clean_Data'!C:C,TEXT(A13,"mmmm")))/SUMIFS('02_Clean_Data'!AD:AD,'02_Clean_Data'!A:A,"Rural+Urban",'02_Clean_Data'!B:B,YEAR(A13),'02_Clean_Data'!C:C,TEXT(A13,"mmmm")),"NA") -> 0
A15: 44470 | B15: 82.11 | C15: =_xlfn.XLOOKUP(A15,$A$6:$A$33,$B$6:$B$33,"NA") -> 82.11 | D15: =(C15-C14)/C14 -> 0.12279502 | E15: =IFERROR((SUMIFS('02_Clean_Data'!P:P,'02_Clean_Data'!A:A,"Rural+Urban",'02_Clean_Data'!B:B,YEAR(A15),'02_Clean_Data'!C:C,TEXT(A15,"mmmm"))-SUMIFS('02_Clean_Data'!P:P,'02_Clean_Data'!A:A,"Rural+Urban",'02_Clean_Data'!B:B,YEAR(A14),'02_Clean_Data'!C:C,TEXT(A14,"mmmm")))/SUMIFS('02_Clean_Data'!P:P,'02_Clean_Data'!A:A,"Rural+Urban",'02_Clean_Data'!B:B,YEAR(A14),'02_Clean_Data'!C:C,TEXT(A14,"mmmm")),"NA") -> 0.022560976 | F15: =IFERROR((SUMIFS('02_Clean_Data'!X:X,'02_Clean_Data'!A:A,"Rural+Urban",'02_Clean_Data'!B:B,YEAR(A15),'02_Clean_Data'!C:C,TEXT(A15,"mmmm"))-SUMIFS('02_Clean_Data'!X:X,'02_Clean_Data'!A:A,"Rural+Urban",'02_Clean_Data'!B:B,YEAR(A14),'02_Clean_Data'!C:C,TEXT(A14,"mmmm")))/SUMIFS('02_Clean_Data'!X:X,'02_Clean_Data'!A:A,"Rural+Urban",'02_Clean_Data'!B:B,YEAR(A14),'02_Clean_Data'!C:C,TEXT(A14,"mmmm")),"NA") -> 0.0041567696 | G15: =IFERROR((SUMIFS('02_Clean_Data'!V:V,'02_Clean_Data'!A:A,"Rural+Urban",'02_Clean_Data'!B:B,YEAR(A15),'02_Clean_Data'!C:C,TEXT(A15,"mmmm"))-SUMIFS('02_Clean_Data'!V:V,'02_Clean_Data'!A:A,"Rural+Urban",'02_Clean_Data'!B:B,YEAR(A14),'02_Clean_Data'!C:C,TEXT(A14,"mmmm")))/SUMIFS('02_Clean_Data'!V:V,'02_Clean_Data'!A:A,"Rural+Urban",'02_Clean_Data'!B:B,YEAR(A14),'02_Clean_Data'!C:C,TEXT(A14,"mmmm")),"NA") -> 0.0098400984 | H15: =IFERROR((SUMIFS('02_Clean_Data'!Y:Y,'02_Clean_Data'!A:A,"Rural+Urban",'02_Clean_Data'!B:B,YEAR(A15),'02_Clean_Data'!C:C,TEXT(A15,"mmmm"))-SUMIFS('02_Clean_Data'!Y:Y,'02_Clean_Data'!A:A,"Rural+Urban",'02_Clean_Data'!B:B,YEAR(A14),'02_Clean_Data'!C:C,TEXT(A14,"mmmm")))/SUMIFS('02_Clean_Data'!Y:Y,'02_Clean_Data'!A:A,"Rural+Urban",'02_Clean_Data'!B:B,YEAR(A14),'02_Clean_Data'!C:C,TEXT(A14,"mmmm")),"NA") -> 0.011038961 | I15: =IFERROR((SUMIFS('02_Clean_Data'!AD:AD,'02_Clean_Data'!A:A,"Rural+Urban",'02_Clean_Data'!B:B,YEAR(A15),'02_Clean_Data'!C:C,TEXT(A15,"mmmm"))-SUMIFS('02_Clean_Data'!AD:AD,'02_Clean_Data'!A:A,"Rural+Urban",'02_Clean_Data'!B:B,YEAR(A14),'02_Clean_Data'!C:C,TEXT(A14,"mmmm")))/SUMIFS('02_Clean_Data'!AD:AD,'02_Clean_Data'!A:A,"Rural+Urban",'02_Clean_Data'!B:B,YEAR(A14),'02_Clean_Data'!C:C,TEXT(A14,"mmmm")),"NA") -> 0.014093137
A16: 44501 | B16: 80.64 | C16: =_xlfn.XLOOKUP(A16,$A$6:$A$33,$B$6:$B$33,"NA") -> 80.64 | D16: =(C16-C15)/C15 -> -0.017902813 | E16: =IFERROR((SUMIFS('02_Clean_Data'!P:P,'02_Clean_Data'!A:A,"Rural+Urban",'02_Clean_Data'!B:B,YEAR(A16),'02_Clean_Data'!C:C,TEXT(A16,"mmmm"))-SUMIFS('02_Clean_Data'!P:P,'02_Clean_Data'!A:A,"Rural+Urban",'02_Clean_Data'!B:B,YEAR(A15),'02_Clean_Data'!C:C,TEXT(A15,"mmmm")))/SUMIFS('02_Clean_Data'!P:P,'02_Clean_Data'!A:A,"Rural+Urban",'02_Clean_Data'!B:B,YEAR(A15),'02_Clean_Data'!C:C,TEXT(A15,"mmmm")),"NA") -> 0.011926058 | F16: =IFERROR((SUMIFS('02_Clean_Data'!X:X,'02_Clean_Data'!A:A,"Rural+Urban",'02_Clean_Data'!B:B,YEAR(A16),'02_Clean_Data'!C:C,TEXT(A16,"mmmm"))-SUMIFS('02_Clean_Data'!X:X,'02_Clean_Data'!A:A,"Rural+Urban",'02_Clean_Data'!B:B,YEAR(A15),'02_Clean_Data'!C:C,TEXT(A15,"mmmm")))/SUMIFS('02_Clean_Data'!X:X,'02_Clean_Data'!A:A,"Rural+Urban",'02_Clean_Data'!B:B,YEAR(A15),'02_Clean_Data'!C:C,TEXT(A15,"mmmm")),"NA") -> 0.0047309284 | G16: =IFERROR((SUMIFS('02_Clean_Data'!V:V,'02_Clean_Data'!A:A,"Rural+Urban",'02_Clean_Data'!B:B,YEAR(A16),'02_Clean_Data'!C:C,TEXT(A16,"mmmm"))-SUMIFS('02_Clean_Data'!V:V,'02_Clean_Data'!A:A,"Rural+Urban",'02_Clean_Data'!B:B,YEAR(A15),'02_Clean_Data'!C:C,TEXT(A15,"mmmm")))/SUMIFS('02_Clean_Data'!V:V,'02_Clean_Data'!A:A,"Rural+Urban",'02_Clean_Data'!B:B,YEAR(A15),'02_Clean_Data'!C:C,TEXT(A15,"mmmm")),"NA") -> -0.0018270402 | H16: =IFERROR((SUMIFS('02_Clean_Data'!Y:Y,'02_Clean_Data'!A:A,"Rural+Urban",'02_Clean_Data'!B:B,YEAR(A16),'02_Clean_Data'!C:C,TEXT(A16,"mmmm"))-SUMIFS('02_Clean_Data'!Y:Y,'02_Clean_Data'!A:A,"Rural+Urban",'02_Clean_Data'!B:B,YEAR(A15),'02_Clean_Data'!C:C,TEXT(A15,"mmmm")))/SUMIFS('02_Clean_Data'!Y:Y,'02_Clean_Data'!A:A,"Rural+Urban",'02_Clean_Data'!B:B,YEAR(A15),'02_Clean_Data'!C:C,TEXT(A15,"mmmm")),"NA") -> -0.0057803468 | I16: =IFERROR((SUMIFS('02_Clean_Data'!AD:AD,'02_Clean_Data'!A:A,"Rural+Urban",'02_Clean_Data'!B:B,YEAR(A16),'02_Clean_Data'!C:C,TEXT(A16,"mmmm"))-SUMIFS('02_Clean_Data'!AD:AD,'02_Clean_Data'!A:A,"Rural+Urban",'02_Clean_Data'!B:B,YEAR(A15),'02_Clean_Data'!C:C,TEXT(A15,"mmmm")))/SUMIFS('02_Clean_Data'!AD:AD,'02_Clean_Data'!A:A,"Rural+Urban",'02_Clean_Data'!B:B,YEAR(A15),'02_Clean_Data'!C:C,TEXT(A15,"mmmm")),"NA") -> 0.0072507553
A17: 44531 | B17: 73.3 | C17: =_xlfn.XLOOKUP(A17,$A$6:$A$33,$B$6:$B$33,"NA") -> 73.3 | D17: =(C17-C16)/C16 -> -0.091021825 | E17: =IFERROR((SUMIFS('02_Clean_Data'!P:P,'02_Clean_Data'!A:A,"Rural+Urban",'02_Clean_Data'!B:B,YEAR(A17),'02_Clean_Data'!C:C,TEXT(A17,"mmmm"))-SUMIFS('02_Clean_Data'!P:P,'02_Clean_Data'!A:A,"Rural+Urban",'02_Clean_Data'!B:B,YEAR(A16),'02_Clean_Data'!C:C,TEXT(A16,"mmmm")))/SUMIFS('02_Clean_Data'!P:P,'02_Clean_Data'!A:A,"Rural+Urban",'02_Clean_Data'!B:B,YEAR(A16),'02_Clean_Data'!C:C,TEXT(A16,"mmmm")),"NA") -> -0.0088391279 | F17: =IFERROR((SUMIFS('02_Clean_Data'!X:X,'02_Clean_Data'!A:A,"Rural+Urban",'02_Clean_Data'!B:B,YEAR(A17),'02_Clean_Data'!C:C,TEXT(A17,"mmmm"))-SUMIFS('02_Clean_Data'!X:X,'02_Clean_Data'!A:A,"Rural+Urban",'02_Clean_Data'!B:B,YEAR(A16),'02_Clean_Data'!C:C,TEXT(A16,"mmmm")))/SUMIFS('02_Clean_Data'!X:X,'02_Clean_Data'!A:A,"Rural+Urban",'02_Clean_Data'!B:B,YEAR(A16),'02_Clean_Data'!C:C,TEXT(A16,"mmmm")),"NA") -> 0.0041200706 | G17: =IFERROR((SUMIFS('02_Clean_Data'!V:V,'02_Clean_Data'!A:A,"Rural+Urban",'02_Clean_Data'!B:B,YEAR(A17),'02_Clean_Data'!C:C,TEXT(A17,"mmmm"))-SUMIFS('02_Clean_Data'!V:V,'02_Clean_Data'!A:A,"Rural+Urban",'02_Clean_Data'!B:B,YEAR(A16),'02_Clean_Data'!C:C,TEXT(A16,"mmmm")))/SUMIFS('02_Clean_Data'!V:V,'02_Clean_Data'!A:A,"Rural+Urban",'02_Clean_Data'!B:B,YEAR(A16),'02_Clean_Data'!C:C,TEXT(A16,"mmmm")),"NA") -> 0.0012202563 | H17: =IFERROR((SUMIFS('02_Clean_Data'!Y:Y,'02_Clean_Data'!A:A,"Rural+Urban",'02_Clean_Data'!B:B,YEAR(A17),'02_Clean_Data'!C:C,TEXT(A17,"mmmm"))-SUMIFS('02_Clean_Data'!Y:Y,'02_Clean_Data'!A:A,"Rural+Urban",'02_Clean_Data'!B:B,YEAR(A16),'02_Clean_Data'!C:C,TEXT(A16,"mmmm")))/SUMIFS('02_Clean_Data'!Y:Y,'02_Clean_Data'!A:A,"Rural+Urban",'02_Clean_Data'!B:B,YEAR(A16),'02_Clean_Data'!C:C,TEXT(A16,"mmmm")),"NA") -> 0.0058139535 | I17: =IFERROR((SUMIFS('02_Clean_Data'!AD:AD,'02_Clean_Data'!A:A,"Rural+Urban",'02_Clean_Data'!B:B,YEAR(A17),'02_Clean_Data'!C:C,TEXT(A17,"mmmm"))-SUMIFS('02_Clean_Data'!AD:AD,'02_Clean_Data'!A:A,"Rural+Urban",'02_Clean_Data'!B:B,YEAR(A16),'02_Clean_Data'!C:C,TEXT(A16,"mmmm")))/SUMIFS('02_Clean_Data'!AD:AD,'02_Clean_Data'!A:A,"Rural+Urban",'02_Clean_Data'!B:B,YEAR(A16),'02_Clean_Data'!C:C,TEXT(A16,"mmmm")),"NA") -> -0.0029994001
A18: 44562 | B18: 84.67 | C18: =_xlfn.XLOOKUP(A18,$A$6:$A$33,$B$6:$B$33,"NA") -> 84.67 | D18: =(C18-C17)/C17 -> 0.15511596 | E18: =IFERROR((SUMIFS('02_Clean_Data'!P:P,'02_Clean_Data'!A:A,"Rural+Urban",'02_Clean_Data'!B:B,YEAR(A18),'02_Clean_Data'!C:C,TEXT(A18,"mmmm"))-SUMIFS('02_Clean_Data'!P:P,'02_Clean_Data'!A:A,"Rural+Urban",'02_Clean_Data'!B:B,YEAR(A17),'02_Clean_Data'!C:C,TEXT(A17,"mmmm")))/SUMIFS('02_Clean_Data'!P:P,'02_Clean_Data'!A:A,"Rural+Urban",'02_Clean_Data'!B:B,YEAR(A17),'02_Clean_Data'!C:C,TEXT(A17,"mmmm")),"NA") -> -0.010701546 | F18: =IFERROR((SUMIFS('02_Clean_Data'!X:X,'02_Clean_Data'!A:A,"Rural+Urban",'02_Clean_Data'!B:B,YEAR(A18),'02_Clean_Data'!C:C,TEXT(A18,"mmmm"))-SUMIFS('02_Clean_Data'!X:X,'02_Clean_Data'!A:A,"Rural+Urban",'02_Clean_Data'!B:B,YEAR(A17),'02_Clean_Data'!C:C,TEXT(A17,"mmmm")))/SUMIFS('02_Clean_Data'!X:X,'02_Clean_Data'!A:A,"Rural+Urban",'02_Clean_Data'!B:B,YEAR(A17),'02_Clean_Data'!C:C,TEXT(A17,"mmmm")),"NA") -> 0.0046893318 | G18: =IFERROR((SUMIFS('02_Clean_Data'!V:V,'02_Clean_Data'!A:A,"Rural+Urban",'02_Clean_Data'!B:B,YEAR(A18),'02_Clean_Data'!C:C,TEXT(A18,"mmmm"))-SUMIFS('02_Clean_Data'!V:V,'02_Clean_Data'!A:A,"Rural+Urban",'02_Clean_Data'!B:B,YEAR(A17),'02_Clean_Data'!C:C,TEXT(A17,"mmmm")))/SUMIFS('02_Clean_Data'!V:V,'02_Clean_Data'!A:A,"Rural+Urban",'02_Clean_Data'!B:B,YEAR(A17),'02_Clean_Data'!C:C,TEXT(A17,"mmmm")),"NA") -> 0.00060938452 | H18: =IFERROR((SUMIFS('02_Clean_Data'!Y:Y,'02_Clean_Data'!A:A,"Rural+Urban",'02_Clean_Data'!B:B,YEAR(A18),'02_Clean_Data'!C:C,TEXT(A18,"mmmm"))-SUMIFS('02_Clean_Data'!Y:Y,'02_Clean_Data'!A:A,"Rural+Urban",'02_Clean_Data'!B:B,YEAR(A17),'02_Clean_Data'!C:C,TEXT(A17,"mmmm")))/SUMIFS('02_Clean_Data'!Y:Y,'02_Clean_Data'!A:A,"Rural+Urban",'02_Clean_Data'!B:B,YEAR(A17),'02_Clean_Data'!C:C,TEXT(A17,"mmmm")),"NA") -> 0.0051380861 | I18: =IFERROR((SUMIFS('02_Clean_Data'!AD:AD,'02_Clean_Data'!A:A,"Rural+Urban",'02_Clean_Data'!B:B,YEAR(A18),'02_Clean_Data'!C:C,TEXT(A18,"mmmm"))-SUMIFS('02_Clean_Data'!AD:AD,'02_Clean_Data'!A:A,"Rural+Urban",'02_Clean_Data'!B:B,YEAR(A17),'02_Clean_Data'!C:C,TEXT(A17,"mmmm")))/SUMIFS('02_Clean_Data'!AD:AD,'02_Clean_Data'!A:A,"Rural+Urban",'02_Clean_Data'!B:B,YEAR(A17),'02_Clean_Data'!C:C,TEXT(A17,"mmmm")),"NA") -> -0.0030084236
A19: 44593 | B19: 94.07 | C19: =_xlfn.XLOOKUP(A19,$A$6:$A$33,$B$6:$B$33,"NA") -> 94.07 | D19: =(C19-C18)/C18 -> 0.11101925 | E19: =IFERROR((SUMIFS('02_Clean_Data'!P:P,'02_Clean_Data'!A:A,"Rural+Urban",'02_Clean_Data'!B:B,YEAR(A19),'02_Clean_Data'!C:C,TEXT(A19,"mmmm"))-SUMIFS('02_Clean_Data'!P:P,'02_Clean_Data'!A:A,"Rural+Urban",'02_Clean_Data'!B:B,YEAR(A18),'02_Clean_Data'!C:C,TEXT(A18,"mmmm")))/SUMIFS('02_Clean_Data'!P:P,'02_Clean_Data'!A:A,"Rural+Urban",'02_Clean_Data'!B:B,YEAR(A18),'02_Clean_Data'!C:C,TEXT(A18,"mmmm")),"NA") -> -0.0012019231 | F19: =IFERROR((SUMIFS('02_Clean_Data'!X:X,'02_Clean_Data'!A:A,"Rural+Urban",'02_Clean_Data'!B:B,YEAR(A19),'02_Clean_Data'!C:C,TEXT(A19,"mmmm"))-SUMIFS('02_Clean_Data'!X:X,'02_Clean_Data'!A:A,"Rural+Urban",'02_Clean_Data'!B:B,YEAR(A18),'02_Clean_Data'!C:C,TEXT(A18,"mmmm")))/SUMIFS('02_Clean_Data'!X:X,'02_Clean_Data'!A:A,"Rural+Urban",'02_Clean_Data'!B:B,YEAR(A18),'02_Clean_Data'!C:C,TEXT(A18,"mmmm")),"NA") -> 0.0046674446 | G19: =IFERROR((SUMIFS('02_Clean_Data'!V:V,'02_Clean_Data'!A:A,"Rural+Urban",'02_Clean_Data'!B:B,YEAR(A19),'02_Clean_Data'!C:C,TEXT(A19,"mmmm"))-SUMIFS('02_Clean_Data'!V:V,'02_Clean_Data'!A:A,"Rural+Urban",'02_Clean_Data'!B:B,YEAR(A18),'02_Clean_Data'!C:C,TEXT(A18,"mmmm")))/SUMIFS('02_Clean_Data'!V:V,'02_Clean_Data'!A:A,"Rural+Urban",'02_Clean_Data'!B:B,YEAR(A18),'02_Clean_Data'!C:C,TEXT(A18,"mmmm")),"NA") -> 0.009135201 | H19: =IFERROR((SUMIFS('02_Clean_Data'!Y:Y,'02_Clean_Data'!A:A,"Rural+Urban",'02_Clean_Data'!B:B,YEAR(A19),'02_Clean_Data'!C:C,TEXT(A19,"mmmm"))-SUMIFS('02_Clean_Data'!Y:Y,'02_Clean_Data'!A:A,"Rural+Urban",'02_Clean_Data'!B:B,YEAR(A18),'02_Clean_Data'!C:C,TEXT(A18,"mmmm")))/SUMIFS('02_Clean_Data'!Y:Y,'02_Clean_Data'!A:A,"Rural+Urban",'02_Clean_Data'!B:B,YEAR(A18),'02_Clean_Data'!C:C,TEXT(A18,"mmmm")),"NA") -> 0.0025559105 | I19: =IFERROR((SUMIFS('02_Clean_Data'!AD:AD,'02_Clean_Data'!A:A,"Rural+Urban",'02_Clean_Data'!B:B,YEAR(A19),'02_Clean_Data'!C:C,TEXT(A19,"mmmm"))-SUMIFS('02_Clean_Data'!AD:AD,'02_Clean_Data'!A:A,"Rural+Urban",'02_Clean_Data'!B:B,YEAR(A18),'02_Clean_Data'!C:C,TEXT(A18,"mmmm")))/SUMIFS('02_Clean_Data'!AD:AD,'02_Clean_Data'!A:A,"Rural+Urban",'02_Clean_Data'!B:B,YEAR(A18),'02_Clean_Data'!C:C,TEXT(A18,"mmmm")),"NA") -> 0.0024140012
A20: 44621 | B20: 112.87 | C20: =_xlfn.XLOOKUP(A20,$A$6:$A$33,$B$6:$B$33,"NA") -> 112.87 | D20: =(C20-C19)/C19 -> 0.19985117 | E20: =IFERROR((SUMIFS('02_Clean_Data'!P:P,'02_Clean_Data'!A:A,"Rural+Urban",'02_Clean_Data'!B:B,YEAR(A20),'02_Clean_Data'!C:C,TEXT(A20,"mmmm"))-SUMIFS('02_Clean_Data'!P:P,'02_Clean_Data'!A:A,"Rural+Urban",'02_Clean_Data'!B:B,YEAR(A19),'02_Clean_Data'!C:C,TEXT(A19,"mmmm")))/SUMIFS('02_Clean_Data'!P:P,'02_Clean_Data'!A:A,"Rural+Urban",'02_Clean_Data'!B:B,YEAR(A19),'02_Clean_Data'!C:C,TEXT(A19,"mmmm")),"NA") -> 0.013237064 | F20: =IFERROR((SUMIFS('02_Clean_Data'!X:X,'02_Clean_Data'!A:A,"Rural+Urban",'02_Clean_Data'!B:B,YEAR(A20),'02_Clean_Data'!C:C,TEXT(A20,"mmmm"))-SUMIFS('02_Clean_Data'!X:X,'02_Clean_Data'!A:A,"Rural+Urban",'02_Clean_Data'!B:B,YEAR(A19),'02_Clean_Data'!C:C,TEXT(A19,"mmmm")))/SUMIFS('02_Clean_Data'!X:X,'02_Clean_Data'!A:A,"Rural+Urban",'02_Clean_Data'!B:B,YEAR(A19),'02_Clean_Data'!C:C,TEXT(A19,"mmmm")),"NA") -> 0.0046457607 | G20: =IFERROR((SUMIFS('02_Clean_Data'!V:V,'02_Clean_Data'!A:A,"Rural+Urban",'02_Clean_Data'!B:B,YEAR(A20),'02_Clean_Data'!C:C,TEXT(A20,"mmmm"))-SUMIFS('02_Clean_Data'!V:V,'02_Clean_Data'!A:A,"Rural+Urban",'02_Clean_Data'!B:B,YEAR(A19),'02_Clean_Data'!C:C,TEXT(A19,"mmmm")))/SUMIFS('02_Clean_Data'!V:V,'02_Clean_Data'!A:A,"Rural+Urban",'02_Clean_Data'!B:B,YEAR(A19),'02_Clean_Data'!C:C,TEXT(A19,"mmmm")),"NA") -> 0.0090525045 | H20: =IFERROR((SUMIFS('02_Clean_Data'!Y:Y,'02_Clean_Data'!A:A,"Rural+Urban",'02_Clean_Data'!B:B,YEAR(A20),'02_Clean_Data'!C:C,TEXT(A20,"mmmm"))-SUMIFS('02_Clean_Data'!Y:Y,'02_Clean_Data'!A:A,"Rural+Urban",'02_Clean_Data'!B:B,YEAR(A19),'02_Clean_Data'!C:C,TEXT(A19,"mmmm")))/SUMIFS('02_Clean_Data'!Y:Y,'02_Clean_Data'!A:A,"Rural+Urban",'02_Clean_Data'!B:B,YEAR(A19),'02_Clean_Data'!C:C,TEXT(A19,"mmmm")),"NA") -> 0.0063734863 | I20: =IFERROR((SUMIFS('02_Clean_Data'!AD:AD,'02_Clean_Data'!A:A,"Rural+Urban",'02_Clean_Data'!B:B,YEAR(A20),'02_Clean_Data'!C:C,TEXT(A20,"mmmm"))-SUMIFS('02_Clean_Data'!AD:AD,'02_Clean_Data'!A:A,"Rural+Urban",'02_Clean_Data'!B:B,YEAR(A19),'02_Clean_Data'!C:C,TEXT(A19,"mmmm")))/SUMIFS('02_Clean_Data'!AD:AD,'02_Clean_Data'!A:A,"Rural+Urban",'02_Clean_Data'!B:B,YEAR(A19),'02_Clean_Data'!C:C,TEXT(A19,"mmmm")),"NA") -> 0.0096327514 | K20: Insight: Crude oil prices rose sharply during early/mid-2022 and then declined toward 2023.
A21: 44652 | B21: 102.97 | C21: =_xlfn.XLOOKUP(A21,$A$6:$A$33,$B$6:$B$33,"NA") -> 102.97 | D21: =(C21-C20)/C20 -> -0.087711527 | E21: =IFERROR((SUMIFS('02_Clean_Data'!P:P,'02_Clean_Data'!A:A,"Rural+Urban",'02_Clean_Data'!B:B,YEAR(A21),'02_Clean_Data'!C:C,TEXT(A21,"mmmm"))-SUMIFS('02_Clean_Data'!P:P,'02_Clean_Data'!A:A,"Rural+Urban",'02_Clean_Data'!B:B,YEAR(A20),'02_Clean_Data'!C:C,TEXT(A20,"mmmm")))/SUMIFS('02_Clean_Data'!P:P,'02_Clean_Data'!A:A,"Rural+Urban",'02_Clean_Data'!B:B,YEAR(A20),'02_Clean_Data'!C:C,TEXT(A20,"mmmm")),"NA") -> 0.014251781 | F21: =IFERROR((SUMIFS('02_Clean_Data'!X:X,'02_Clean_Data'!A:A,"Rural+Urban",'02_Clean_Data'!B:B,YEAR(A21),'02_Clean_Data'!C:C,TEXT(A21,"mmmm"))-SUMIFS('02_Clean_Data'!X:X,'02_Clean_Data'!A:A,"Rural+Urban",'02_Clean_Data'!B:B,YEAR(A20),'02_Clean_Data'!C:C,TEXT(A20,"mmmm")))/SUMIFS('02_Clean_Data'!X:X,'02_Clean_Data'!A:A,"Rural+Urban",'02_Clean_Data'!B:B,YEAR(A20),'02_Clean_Data'!C:C,TEXT(A20,"mmmm")),"NA") -> 0.0057803468 | G21: =IFERROR((SUMIFS('02_Clean_Data'!V:V,'02_Clean_Data'!A:A,"Rural+Urban",'02_Clean_Data'!B:B,YEAR(A21),'02_Clean_Data'!C:C,TEXT(A21,"mmmm"))-SUMIFS('02_Clean_Data'!V:V,'02_Clean_Data'!A:A,"Rural+Urban",'02_Clean_Data'!B:B,YEAR(A20),'02_Clean_Data'!C:C,TEXT(A20,"mmmm")))/SUMIFS('02_Clean_Data'!V:V,'02_Clean_Data'!A:A,"Rural+Urban",'02_Clean_Data'!B:B,YEAR(A20),'02_Clean_Data'!C:C,TEXT(A20,"mmmm")),"NA") -> 0.029904306 | H21: =IFERROR((SUMIFS('02_Clean_Data'!Y:Y,'02_Clean_Data'!A:A,"Rural+Urban",'02_Clean_Data'!B:B,YEAR(A21),'02_Clean_Data'!C:C,TEXT(A21,"mmmm"))-SUMIFS('02_Clean_Data'!Y:Y,'02_Clean_Data'!A:A,"Rural+Urban",'02_Clean_Data'!B:B,YEAR(A20),'02_Clean_Data'!C:C,TEXT(A20,"mmmm")))/SUMIFS('02_Clean_Data'!Y:Y,'02_Clean_Data'!A:A,"Rural+Urban",'02_Clean_Data'!B:B,YEAR(A20),'02_Clean_Data'!C:C,TEXT(A20,"mmmm")),"NA") -> 0.029765674 | I21: =IFERROR((SUMIFS('02_Clean_Data'!AD:AD,'02_Clean_Data'!A:A,"Rural+Urban",'02_Clean_Data'!B:B,YEAR(A21),'02_Clean_Data'!C:C,TEXT(A21,"mmmm"))-SUMIFS('02_Clean_Data'!AD:AD,'02_Clean_Data'!A:A,"Rural+Urban",'02_Clean_Data'!B:B,YEAR(A20),'02_Clean_Data'!C:C,TEXT(A20,"mmmm")))/SUMIFS('02_Clean_Data'!AD:AD,'02_Clean_Data'!A:A,"Rural+Urban",'02_Clean_Data'!B:B,YEAR(A20),'02_Clean_Data'!C:C,TEXT(A20,"mmmm")),"NA") -> 0.01431127
A22: 44682 | B22: 109.51 | C22: =_xlfn.XLOOKUP(A22,$A$6:$A$33,$B$6:$B$33,"NA") -> 109.51 | D22: =(C22-C21)/C21 -> 0.063513645 | E22: =IFERROR((SUMIFS('02_Clean_Data'!P:P,'02_Clean_Data'!A:A,"Rural+Urban",'02_Clean_Data'!B:B,YEAR(A22),'02_Clean_Data'!C:C,TEXT(A22,"mmmm"))-SUMIFS('02_Clean_Data'!P:P,'02_Clean_Data'!A:A,"Rural+Urban",'02_Clean_Data'!B:B,YEAR(A21),'02_Clean_Data'!C:C,TEXT(A21,"mmmm")))/SUMIFS('02_Clean_Data'!P:P,'02_Clean_Data'!A:A,"Rural+Urban",'02_Clean_Data'!B:B,YEAR(A21),'02_Clean_Data'!C:C,TEXT(A21,"mmmm")),"NA") -> 0.014637002 | F22: =IFERROR((SUMIFS('02_Clean_Data'!X:X,'02_Clean_Data'!A:A,"Rural+Urban",'02_Clean_Data'!B:B,YEAR(A22),'02_Clean_Data'!C:C,TEXT(A22,"mmmm"))-SUMIFS('02_Clean_Data'!X:X,'02_Clean_Data'!A:A,"Rural+Urban",'02_Clean_Data'!B:B,YEAR(A21),'02_Clean_Data'!C:C,TEXT(A21,"mmmm")))/SUMIFS('02_Clean_Data'!X:X,'02_Clean_Data'!A:A,"Rural+Urban",'02_Clean_Data'!B:B,YEAR(A21),'02_Clean_Data'!C:C,TEXT(A21,"mmmm")),"NA") -> 0.0045977011 | G22: =IFERROR((SUMIFS('02_Clean_Data'!V:V,'02_Clean_Data'!A:A,"Rural+Urban",'02_Clean_Data'!B:B,YEAR(A22),'02_Clean_Data'!C:C,TEXT(A22,"mmmm"))-SUMIFS('02_Clean_Data'!V:V,'02_Clean_Data'!A:A,"Rural+Urban",'02_Clean_Data'!B:B,YEAR(A21),'02_Clean_Data'!C:C,TEXT(A21,"mmmm")))/SUMIFS('02_Clean_Data'!V:V,'02_Clean_Data'!A:A,"Rural+Urban",'02_Clean_Data'!B:B,YEAR(A21),'02_Clean_Data'!C:C,TEXT(A21,"mmmm")),"NA") -> 0.013937282 | H22: =IFERROR((SUMIFS('02_Clean_Data'!Y:Y,'02_Clean_Data'!A:A,"Rural+Urban",'02_Clean_Data'!B:B,YEAR(A22),'02_Clean_Data'!C:C,TEXT(A22,"mmmm"))-SUMIFS('02_Clean_Data'!Y:Y,'02_Clean_Data'!A:A,"Rural+Urban",'02_Clean_Data'!B:B,YEAR(A21),'02_Clean_Data'!C:C,TEXT(A21,"mmmm")))/SUMIFS('02_Clean_Data'!Y:Y,'02_Clean_Data'!A:A,"Rural+Urban",'02_Clean_Data'!B:B,YEAR(A21),'02_Clean_Data'!C:C,TEXT(A21,"mmmm")),"NA") -> 0.0024600246 | I22: =IFERROR((SUMIFS('02_Clean_Data'!AD:AD,'02_Clean_Data'!A:A,"Rural+Urban",'02_Clean_Data'!B:B,YEAR(A22),'02_Clean_Data'!C:C,TEXT(A22,"mmmm"))-SUMIFS('02_Clean_Data'!AD:AD,'02_Clean_Data'!A:A,"Rural+Urban",'02_Clean_Data'!B:B,YEAR(A21),'02_Clean_Data'!C:C,TEXT(A21,"mmmm")))/SUMIFS('02_Clean_Data'!AD:AD,'02_Clean_Data'!A:A,"Rural+Urban",'02_Clean_Data'!B:B,YEAR(A21),'02_Clean_Data'!C:C,TEXT(A21,"mmmm")),"NA") -> 0.0094062316
A23: 44713 | B23: 116.01 | C23: =_xlfn.XLOOKUP(A23,$A$6:$A$33,$B$6:$B$33,"NA") -> 116.01 | D23: =(C23-C22)/C22 -> 0.05935531 | E23: =IFERROR((SUMIFS('02_Clean_Data'!P:P,'02_Clean_Data'!A:A,"Rural+Urban",'02_Clean_Data'!B:B,YEAR(A23),'02_Clean_Data'!C:C,TEXT(A23,"mmmm"))-SUMIFS('02_Clean_Data'!P:P,'02_Clean_Data'!A:A,"Rural+Urban",'02_Clean_Data'!B:B,YEAR(A22),'02_Clean_Data'!C:C,TEXT(A22,"mmmm")))/SUMIFS('02_Clean_Data'!P:P,'02_Clean_Data'!A:A,"Rural+Urban",'02_Clean_Data'!B:B,YEAR(A22),'02_Clean_Data'!C:C,TEXT(A22,"mmmm")),"NA") -> 0.0092325447 | F23: =IFERROR((SUMIFS('02_Clean_Data'!X:X,'02_Clean_Data'!A:A,"Rural+Urban",'02_Clean_Data'!B:B,YEAR(A23),'02_Clean_Data'!C:C,TEXT(A23,"mmmm"))-SUMIFS('02_Clean_Data'!X:X,'02_Clean_Data'!A:A,"Rural+Urban",'02_Clean_Data'!B:B,YEAR(A22),'02_Clean_Data'!C:C,TEXT(A22,"mmmm")))/SUMIFS('02_Clean_Data'!X:X,'02_Clean_Data'!A:A,"Rural+Urban",'02_Clean_Data'!B:B,YEAR(A22),'02_Clean_Data'!C:C,TEXT(A22,"mmmm")),"NA") -> 0.0034324943 | G23: =IFERROR((SUMIFS('02_Clean_Data'!V:V,'02_Clean_Data'!A:A,"Rural+Urban",'02_Clean_Data'!B:B,YEAR(A23),'02_Clean_Data'!C:C,TEXT(A23,"mmmm"))-SUMIFS('02_Clean_Data'!V:V,'02_Clean_Data'!A:A,"Rural+Urban",'02_Clean_Data'!B:B,YEAR(A22),'02_Clean_Data'!C:C,TEXT(A22,"mmmm")))/SUMIFS('02_Clean_Data'!V:V,'02_Clean_Data'!A:A,"Rural+Urban",'02_Clean_Data'!B:B,YEAR(A22),'02_Clean_Data'!C:C,TEXT(A22,"mmmm")),"NA") -> 0.0080183276 | H23: =IFERROR((SUMIFS('02_Clean_Data'!Y:Y,'02_Clean_Data'!A:A,"Rural+Urban",'02_Clean_Data'!B:B,YEAR(A23),'02_Clean_Data'!C:C,TEXT(A23,"mmmm"))-SUMIFS('02_Clean_Data'!Y:Y,'02_Clean_Data'!A:A,"Rural+Urban",'02_Clean_Data'!B:B,YEAR(A22),'02_Clean_Data'!C:C,TEXT(A22,"mmmm")))/SUMIFS('02_Clean_Data'!Y:Y,'02_Clean_Data'!A:A,"Rural+Urban",'02_Clean_Data'!B:B,YEAR(A22),'02_Clean_Data'!C:C,TEXT(A22,"mmmm")),"NA") -> -0.011656442 | I23: =IFERROR((SUMIFS('02_Clean_Data'!AD:AD,'02_Clean_Data'!A:A,"Rural+Urban",'02_Clean_Data'!B:B,YEAR(A23),'02_Clean_Data'!C:C,TEXT(A23,"mmmm"))-SUMIFS('02_Clean_Data'!AD:AD,'02_Clean_Data'!A:A,"Rural+Urban",'02_Clean_Data'!B:B,YEAR(A22),'02_Clean_Data'!C:C,TEXT(A22,"mmmm")))/SUMIFS('02_Clean_Data'!AD:AD,'02_Clean_Data'!A:A,"Rural+Urban",'02_Clean_Data'!B:B,YEAR(A22),'02_Clean_Data'!C:C,TEXT(A22,"mmmm")),"NA") -> 0.0052417006
A24: 44743 | B24: 105.49 | C24: =_xlfn.XLOOKUP(A24,$A$6:$A$33,$B$6:$B$33,"NA") -> 105.49 | D24: =(C24-C23)/C23 -> -0.090681838 | E24: =IFERROR((SUMIFS('02_Clean_Data'!P:P,'02_Clean_Data'!A:A,"Rural+Urban",'02_Clean_Data'!B:B,YEAR(A24),'02_Clean_Data'!C:C,TEXT(A24,"mmmm"))-SUMIFS('02_Clean_Data'!P:P,'02_Clean_Data'!A:A,"Rural+Urban",'02_Clean_Data'!B:B,YEAR(A23),'02_Clean_Data'!C:C,TEXT(A23,"mmmm")))/SUMIFS('02_Clean_Data'!P:P,'02_Clean_Data'!A:A,"Rural+Urban",'02_Clean_Data'!B:B,YEAR(A23),'02_Clean_Data'!C:C,TEXT(A23,"mmmm")),"NA") -> 0.00057175529 | F24: =IFERROR((SUMIFS('02_Clean_Data'!X:X,'02_Clean_Data'!A:A,"Rural+Urban",'02_Clean_Data'!B:B,YEAR(A24),'02_Clean_Data'!C:C,TEXT(A24,"mmmm"))-SUMIFS('02_Clean_Data'!X:X,'02_Clean_Data'!A:A,"Rural+Urban",'02_Clean_Data'!B:B,YEAR(A23),'02_Clean_Data'!C:C,TEXT(A23,"mmmm")))/SUMIFS('02_Clean_Data'!X:X,'02_Clean_Data'!A:A,"Rural+Urban",'02_Clean_Data'!B:B,YEAR(A23),'02_Clean_Data'!C:C,TEXT(A23,"mmmm")),"NA") -> 0.003990878 | G24: =IFERROR((SUMIFS('02_Clean_Data'!V:V,'02_Clean_Data'!A:A,"Rural+Urban",'02_Clean_Data'!B:B,YEAR(A24),'02_Clean_Data'!C:C,TEXT(A24,"mmmm"))-SUMIFS('02_Clean_Data'!V:V,'02_Clean_Data'!A:A,"Rural+Urban",'02_Clean_Data'!B:B,YEAR(A23),'02_Clean_Data'!C:C,TEXT(A23,"mmmm")))/SUMIFS('02_Clean_Data'!V:V,'02_Clean_Data'!A:A,"Rural+Urban",'02_Clean_Data'!B:B,YEAR(A23),'02_Clean_Data'!C:C,TEXT(A23,"mmmm")),"NA") -> 0.020454545 | H24: =IFERROR((SUMIFS('02_Clean_Data'!Y:Y,'02_Clean_Data'!A:A,"Rural+Urban",'02_Clean_Data'!B:B,YEAR(A24),'02_Clean_Data'!C:C,TEXT(A24,"mmmm"))-SUMIFS('02_Clean_Data'!Y:Y,'02_Clean_Data'!A:A,"Rural+Urban",'02_Clean_Data'!B:B,YEAR(A23),'02_Clean_Data'!C:C,TEXT(A23,"mmmm")))/SUMIFS('02_Clean_Data'!Y:Y,'02_Clean_Data'!A:A,"Rural+Urban",'02_Clean_Data'!B:B,YEAR(A23),'02_Clean_Data'!C:C,TEXT(A23,"mmmm")),"NA") -> 0.0031036623 | I24: =IFERROR((SUMIFS('02_Clean_Data'!AD:AD,'02_Clean_Data'!A:A,"Rural+Urban",'02_Clean_Data'!B:B,YEAR(A24),'02_Clean_Data'!C:C,TEXT(A24,"mmmm"))-SUMIFS('02_Clean_Data'!AD:AD,'02_Clean_Data'!A:A,"Rural+Urban",'02_Clean_Data'!B:B,YEAR(A23),'02_Clean_Data'!C:C,TEXT(A23,"mmmm")))/SUMIFS('02_Clean_Data'!AD:AD,'02_Clean_Data'!A:A,"Rural+Urban",'02_Clean_Data'!B:B,YEAR(A23),'02_Clean_Data'!C:C,TEXT(A23,"mmmm")),"NA") -> 0.0046349942
A25: 44774 | B25: 97.4 | C25: =_xlfn.XLOOKUP(A25,$A$6:$A$33,$B$6:$B$33,"NA") -> 97.4 | D25: =(C25-C24)/C24 -> -0.076689734 | E25: =IFERROR((SUMIFS('02_Clean_Data'!P:P,'02_Clean_Data'!A:A,"Rural+Urban",'02_Clean_Data'!B:B,YEAR(A25),'02_Clean_Data'!C:C,TEXT(A25,"mmmm"))-SUMIFS('02_Clean_Data'!P:P,'02_Clean_Data'!A:A,"Rural+Urban",'02_Clean_Data'!B:B,YEAR(A24),'02_Clean_Data'!C:C,TEXT(A24,"mmmm")))/SUMIFS('02_Clean_Data'!P:P,'02_Clean_Data'!A:A,"Rural+Urban",'02_Clean_Data'!B:B,YEAR(A24),'02_Clean_Data'!C:C,TEXT(A24,"mmmm")),"NA") -> 0.0074285714 | F25: =IFERROR((SUMIFS('02_Clean_Data'!X:X,'02_Clean_Data'!A:A,"Rural+Urban",'02_Clean_Data'!B:B,YEAR(A25),'02_Clean_Data'!C:C,TEXT(A25,"mmmm"))-SUMIFS('02_Clean_Data'!X:X,'02_Clean_Data'!A:A,"Rural+Urban",'02_Clean_Data'!B:B,YEAR(A24),'02_Clean_Data'!C:C,TEXT(A24,"mmmm")))/SUMIFS('02_Clean_Data'!X:X,'02_Clean_Data'!A:A,"Rural+Urban",'02_Clean_Data'!B:B,YEAR(A24),'02_Clean_Data'!C:C,TEXT(A24,"mmmm")),"NA") -> 0.0039750142 | G25: =IFERROR((SUMIFS('02_Clean_Data'!V:V,'02_Clean_Data'!A:A,"Rural+Urban",'02_Clean_Data'!B:B,YEAR(A25),'02_Clean_Data'!C:C,TEXT(A25,"mmmm"))-SUMIFS('02_Clean_Data'!V:V,'02_Clean_Data'!A:A,"Rural+Urban",'02_Clean_Data'!B:B,YEAR(A24),'02_Clean_Data'!C:C,TEXT(A24,"mmmm")))/SUMIFS('02_Clean_Data'!V:V,'02_Clean_Data'!A:A,"Rural+Urban",'02_Clean_Data'!B:B,YEAR(A24),'02_Clean_Data'!C:C,TEXT(A24,"mmmm")),"NA") -> -0.004454343 | H25: =IFERROR((SUMIFS('02_Clean_Data'!Y:Y,'02_Clean_Data'!A:A,"Rural+Urban",'02_Clean_Data'!B:B,YEAR(A25),'02_Clean_Data'!C:C,TEXT(A25,"mmmm"))-SUMIFS('02_Clean_Data'!Y:Y,'02_Clean_Data'!A:A,"Rural+Urban",'02_Clean_Data'!B:B,YEAR(A24),'02_Clean_Data'!C:C,TEXT(A24,"mmmm")))/SUMIFS('02_Clean_Data'!Y:Y,'02_Clean_Data'!A:A,"Rural+Urban",'02_Clean_Data'!B:B,YEAR(A24),'02_Clean_Data'!C:C,TEXT(A24,"mmmm")),"NA") -> 0.0018564356 | I25: =IFERROR((SUMIFS('02_Clean_Data'!AD:AD,'02_Clean_Data'!A:A,"Rural+Urban",'02_Clean_Data'!B:B,YEAR(A25),'02_Clean_Data'!C:C,TEXT(A25,"mmmm"))-SUMIFS('02_Clean_Data'!AD:AD,'02_Clean_Data'!A:A,"Rural+Urban",'02_Clean_Data'!B:B,YEAR(A24),'02_Clean_Data'!C:C,TEXT(A24,"mmmm")))/SUMIFS('02_Clean_Data'!AD:AD,'02_Clean_Data'!A:A,"Rural+Urban",'02_Clean_Data'!B:B,YEAR(A24),'02_Clean_Data'!C:C,TEXT(A24,"mmmm")),"NA") -> 0.0051903114
A26: 44805 | B26: 90.71 | C26: =_xlfn.XLOOKUP(A26,$A$6:$A$33,$B$6:$B$33,"NA") -> 90.71 | D26: =(C26-C25)/C25 -> -0.068685832 | E26: =IFERROR((SUMIFS('02_Clean_Data'!P:P,'02_Clean_Data'!A:A,"Rural+Urban",'02_Clean_Data'!B:B,YEAR(A26),'02_Clean_Data'!C:C,TEXT(A26,"mmmm"))-SUMIFS('02_Clean_Data'!P:P,'02_Clean_Data'!A:A,"Rural+Urban",'02_Clean_Data'!B:B,YEAR(A25),'02_Clean_Data'!C:C,TEXT(A25,"mmmm")))/SUMIFS('02_Clean_Data'!P:P,'02_Clean_Data'!A:A,"Rural+Urban",'02_Clean_Data'!B:B,YEAR(A25),'02_Clean_Data'!C:C,TEXT(A25,"mmmm")),"NA") -> 0.0085082246 | F26: =IFERROR((SUMIFS('02_Clean_Data'!X:X,'02_Clean_Data'!A:A,"Rural+Urban",'02_Clean_Data'!B:B,YEAR(A26),'02_Clean_Data'!C:C,TEXT(A26,"mmmm"))-SUMIFS('02_Clean_Data'!X:X,'02_Clean_Data'!A:A,"Rural+Urban",'02_Clean_Data'!B:B,YEAR(A25),'02_Clean_Data'!C:C,TEXT(A25,"mmmm")))/SUMIFS('02_Clean_Data'!X:X,'02_Clean_Data'!A:A,"Rural+Urban",'02_Clean_Data'!B:B,YEAR(A25),'02_Clean_Data'!C:C,TEXT(A25,"mmmm")),"NA") -> 0.0056561086 | G26: =IFERROR((SUMIFS('02_Clean_Data'!V:V,'02_Clean_Data'!A:A,"Rural+Urban",'02_Clean_Data'!B:B,YEAR(A26),'02_Clean_Data'!C:C,TEXT(A26,"mmmm"))-SUMIFS('02_Clean_Data'!V:V,'02_Clean_Data'!A:A,"Rural+Urban",'02_Clean_Data'!B:B,YEAR(A25),'02_Clean_Data'!C:C,TEXT(A25,"mmmm")))/SUMIFS('02_Clean_Data'!V:V,'02_Clean_Data'!A:A,"Rural+Urban",'02_Clean_Data'!B:B,YEAR(A25),'02_Clean_Data'!C:C,TEXT(A25,"mmmm")),"NA") -> 0.0039149888 | H26: =IFERROR((SUMIFS('02_Clean_Data'!Y:Y,'02_Clean_Data'!A:A,"Rural+Urban",'02_Clean_Data'!B:B,YEAR(A26),'02_Clean_Data'!C:C,TEXT(A26,"mmmm"))-SUMIFS('02_Clean_Data'!Y:Y,'02_Clean_Data'!A:A,"Rural+Urban",'02_Clean_Data'!B:B,YEAR(A25),'02_Clean_Data'!C:C,TEXT(A25,"mmmm")))/SUMIFS('02_Clean_Data'!Y:Y,'02_Clean_Data'!A:A,"Rural+Urban",'02_Clean_Data'!B:B,YEAR(A25),'02_Clean_Data'!C:C,TEXT(A25,"mmmm")),"NA") -> 0.0024706609 | I26: =IFERROR((SUMIFS('02_Clean_Data'!AD:AD,'02_Clean_Data'!A:A,"Rural+Urban",'02_Clean_Data'!B:B,YEAR(A26),'02_Clean_Data'!C:C,TEXT(A26,"mmmm"))-SUMIFS('02_Clean_Data'!AD:AD,'02_Clean_Data'!A:A,"Rural+Urban",'02_Clean_Data'!B:B,YEAR(A25),'02_Clean_Data'!C:C,TEXT(A25,"mmmm")))/SUMIFS('02_Clean_Data'!AD:AD,'02_Clean_Data'!A:A,"Rural+Urban",'02_Clean_Data'!B:B,YEAR(A25),'02_Clean_Data'!C:C,TEXT(A25,"mmmm")),"NA") -> 0.0057372347
A27: 44835 | B27: 91.7 | C27: =_xlfn.XLOOKUP(A27,$A$6:$A$33,$B$6:$B$33,"NA") -> 91.7 | D27: =(C27-C26)/C26 -> 0.010913901 | E27: =IFERROR((SUMIFS('02_Clean_Data'!P:P,'02_Clean_Data'!A:A,"Rural+Urban",'02_Clean_Data'!B:B,YEAR(A27),'02_Clean_Data'!C:C,TEXT(A27,"mmmm"))-SUMIFS('02_Clean_Data'!P:P,'02_Clean_Data'!A:A,"Rural+Urban",'02_Clean_Data'!B:B,YEAR(A26),'02_Clean_Data'!C:C,TEXT(A26,"mmmm")))/SUMIFS('02_Clean_Data'!P:P,'02_Clean_Data'!A:A,"Rural+Urban",'02_Clean_Data'!B:B,YEAR(A26),'02_Clean_Data'!C:C,TEXT(A26,"mmmm")),"NA") -> 0.010123735 | F27: =IFERROR((SUMIFS('02_Clean_Data'!X:X,'02_Clean_Data'!A:A,"Rural+Urban",'02_Clean_Data'!B:B,YEAR(A27),'02_Clean_Data'!C:C,TEXT(A27,"mmmm"))-SUMIFS('02_Clean_Data'!X:X,'02_Clean_Data'!A:A,"Rural+Urban",'02_Clean_Data'!B:B,YEAR(A26),'02_Clean_Data'!C:C,TEXT(A26,"mmmm")))/SUMIFS('02_Clean_Data'!X:X,'02_Clean_Data'!A:A,"Rural+Urban",'02_Clean_Data'!B:B,YEAR(A26),'02_Clean_Data'!C:C,TEXT(A26,"mmmm")),"NA") -> 0.0050618673 | G27: =IFERROR((SUMIFS('02_Clean_Data'!V:V,'02_Clean_Data'!A:A,"Rural+Urban",'02_Clean_Data'!B:B,YEAR(A27),'02_Clean_Data'!C:C,TEXT(A27,"mmmm"))-SUMIFS('02_Clean_Data'!V:V,'02_Clean_Data'!A:A,"Rural+Urban",'02_Clean_Data'!B:B,YEAR(A26),'02_Clean_Data'!C:C,TEXT(A26,"mmmm")))/SUMIFS('02_Clean_Data'!V:V,'02_Clean_Data'!A:A,"Rural+Urban",'02_Clean_Data'!B:B,YEAR(A26),'02_Clean_Data'!C:C,TEXT(A26,"mmmm")),"NA") -> 0.0055710306 | H27: =IFERROR((SUMIFS('02_Clean_Data'!Y:Y,'02_Clean_Data'!A:A,"Rural+Urban",'02_Clean_Data'!B:B,YEAR(A27),'02_Clean_Data'!C:C,TEXT(A27,"mmmm"))-SUMIFS('02_Clean_Data'!Y:Y,'02_Clean_Data'!A:A,"Rural+Urban",'02_Clean_Data'!B:B,YEAR(A26),'02_Clean_Data'!C:C,TEXT(A26,"mmmm")))/SUMIFS('02_Clean_Data'!Y:Y,'02_Clean_Data'!A:A,"Rural+Urban",'02_Clean_Data'!B:B,YEAR(A26),'02_Clean_Data'!C:C,TEXT(A26,"mmmm")),"NA") -> 0.0036968577 | I27: =IFERROR((SUMIFS('02_Clean_Data'!AD:AD,'02_Clean_Data'!A:A,"Rural+Urban",'02_Clean_Data'!B:B,YEAR(A27),'02_Clean_Data'!C:C,TEXT(A27,"mmmm"))-SUMIFS('02_Clean_Data'!AD:AD,'02_Clean_Data'!A:A,"Rural+Urban",'02_Clean_Data'!B:B,YEAR(A26),'02_Clean_Data'!C:C,TEXT(A26,"mmmm")))/SUMIFS('02_Clean_Data'!AD:AD,'02_Clean_Data'!A:A,"Rural+Urban",'02_Clean_Data'!B:B,YEAR(A26),'02_Clean_Data'!C:C,TEXT(A26,"mmmm")),"NA") -> 0.0079863092
